prediction,compute_time,probability,accuracy,total_qoe,accuracy_qoe,delay_qoe,cpu_power,model,start_time,end_time
abacus,3.0630104541778564,0.9999889135360718,1,0.43282984924255613,0.8490094125122265,0.01665028597288576,5097.032258064516,550e8400-e29b-41d4-a716-446655440000,2024-10-07 12:22:11.341,2024-10-07 12:22:14.533
abaya,2.6566364765167236,0.9994307160377502,1,0.4341521942152675,0.8494835973881874,0.01882079104234766,5106.074074074074,550e8400-e29b-41d4-a716-446655440000,2024-10-07 12:22:15.612,2024-10-07 12:22:19.126
crutch,2.9497530460357666,0.4877606928348541,0,0.5088142971951303,1.0,0.01762859439026052,5118.4,550e8400-e29b-41d4-a716-446655440000,2024-10-07 12:22:19.919,2024-10-07 12:22:23.425
accordion,2.746277093887329,0.9436543583869934,1,0.46000985588165755,0.9018132459586481,0.01820646580466703,5090.285714285715,550e8400-e29b-41d4-a716-446655440000,2024-10-07 12:22:23.574,2024-10-07 12:22:26.506
acorn,2.9098331928253174,0.999716579914093,1,0.43321190371275053,0.8492406918698454,0.0171831155556557,5089.6,550e8400-e29b-41d4-a716-446655440000,2024-10-07 12:22:26.633,2024-10-07 12:22:29.791
acorn_squash,2.894218683242798,0.987294614315033,1,0.4386007535852883,0.8599256875203566,0.017275819650220077,5108.413793103448,550e8400-e29b-41d4-a716-446655440000,2024-10-07 12:22:30.031,2024-10-07 12:22:33.570
acoustic_guitar,3.0180678367614746,0.9130421876907349,1,0.47468986450924355,0.9331441761249579,0.016235552893529143,5096.258064516129,550e8400-e29b-41d4-a716-446655440000,2024-10-07 12:22:33.690,2024-10-07 12:22:37.918
admiral,2.7350831031799316,0.9669458270072937,1,0.44866873265494206,0.8790564851298421,0.018280980180041966,5097.714285714285,550e8400-e29b-41d4-a716-446655440000,2024-10-07 12:22:38.353,2024-10-07 12:22:41.552
affenpinscher,2.9901907444000244,0.9979884624481201,1,0.4337156570088103,0.8517132531922299,0.01571806082539074,5103.733333333334,550e8400-e29b-41d4-a716-446655440000,2024-10-07 12:22:41.897,2024-10-07 12:22:45.481
afghan_hound,2.7329604625701904,0.9997833371162415,1,0.43410548624155954,0.8491839866513895,0.019026985831729532,5107.428571428572,550e8400-e29b-41d4-a716-446655440000,2024-10-07 12:22:45.693,2024-10-07 12:22:49.317
african_chameleon,2.9327385425567627,0.9859079718589783,1,0.440442977152934,0.8641780209906528,0.01670793331521527,5104.0,550e8400-e29b-41d4-a716-446655440000,2024-10-07 12:22:49.677,2024-10-07 12:22:53.528
african_crocodile,2.8850772380828857,0.9684805870056152,1,0.44767030302094185,0.8776634363194228,0.01767716972246093,5104.275862068966,550e8400-e29b-41d4-a716-446655440000,2024-10-07 12:22:53.819,2024-10-07 12:22:57.410
african_elephant,2.881281614303589,0.35945627093315125,1,0.5085031604957927,1.0,0.017006320991585333,5109.793103448276,550e8400-e29b-41d4-a716-446655440000,2024-10-07 12:22:57.667,2024-10-07 12:23:01.387
african_grey,2.731924057006836,0.9997439980506897,1,0.43425988833700524,0.8502176573776267,0.018302119296383826,5108.285714285715,550e8400-e29b-41d4-a716-446655440000,2024-10-07 12:23:01.762,2024-10-07 12:23:05.572
african_hunting_dog,2.880817413330078,0.9986667633056641,1,0.4330705776869894,0.8491320940661473,0.01700906130783155,5107.310344827586,550e8400-e29b-41d4-a716-446655440000,2024-10-07 12:23:05.810,2024-10-07 12:23:09.460
agama,2.9029393196105957,0.9981694221496582,1,0.43439138330882776,0.8515588447594793,0.017223921858176172,5107.310344827586,550e8400-e29b-41d4-a716-446655440000,2024-10-07 12:23:09.706,2024-10-07 12:23:13.435
agaric,3.054391622543335,0.9411025643348694,1,0.46047788836475084,0.9042585072557421,0.016697269473759636,5103.225806451613,550e8400-e29b-41d4-a716-446655440000,2024-10-07 12:23:13.586,2024-10-07 12:23:17.665
aircraft_carrier,2.700852870941162,0.9475055932998657,1,0.45798762689181843,0.89709232959746,0.01888292418617683,5109.333333333333,550e8400-e29b-41d4-a716-446655440000,2024-10-07 12:23:17.848,2024-10-07 12:23:21.232
airedale,2.7833454608917236,0.9779002070426941,1,0.4439183297697053,0.8702319458276239,0.017604713711786773,5118.571428571428,550e8400-e29b-41d4-a716-446655440000,2024-10-07 12:23:21.440,2024-10-07 12:23:25.329
airliner,3.0080840587615967,0.8974285125732422,1,0.4822771921959164,0.9482649459842596,0.016289438407573256,5085.419354838709,550e8400-e29b-41d4-a716-446655440000,2024-10-07 12:23:25.513,2024-10-07 12:23:28.787
airship,3.0821897983551025,0.9997897744178772,1,0.4332004809873236,0.8501787293182793,0.016222232656367856,5105.548387096775,550e8400-e29b-41d4-a716-446655440000,2024-10-07 12:23:28.893,2024-10-07 12:23:32.656
vulture,3.032701253890991,0.4036409258842468,0,0.5080786064794764,1.0,0.016157212958952824,5103.4838709677415,550e8400-e29b-41d4-a716-446655440000,2024-10-07 12:23:32.788,2024-10-07 12:23:36.706
alligator_lizard,2.9693944454193115,0.7981064319610596,1,0.5085876095172661,1.0,0.017175219034532216,5115.733333333334,550e8400-e29b-41d4-a716-446655440000,2024-10-07 12:23:36.875,2024-10-07 12:23:40.572
alp,2.819011688232422,0.8033758401870728,1,0.5088683562769034,1.0,0.017736712553806766,5092.137931034483,550e8400-e29b-41d4-a716-446655440000,2024-10-07 12:23:40.651,2024-10-07 12:23:43.823
hamper,3.0018346309661865,0.29645588994026184,0,0.5083282402508473,1.0,0.01665648050169464,5109.066666666667,550e8400-e29b-41d4-a716-446655440000,2024-10-07 12:23:43.956,2024-10-07 12:23:47.879
ambulance,2.9775545597076416,0.6397769451141357,1,0.5082282287389573,1.0,0.016456457477914757,5108.8,550e8400-e29b-41d4-a716-446655440000,2024-10-07 12:23:48.249,2024-10-07 12:23:51.975
american_alligator,2.8751468658447266,0.9780893921852112,1,0.4432158186781223,0.8690412213764648,0.017390415979779823,5113.103448275862,550e8400-e29b-41d4-a716-446655440000,2024-10-07 12:23:52.179,2024-10-07 12:23:55.556
american_black_bear,2.8332462310791016,0.9849392175674438,1,0.44032250883637936,0.8629974163271614,0.01764760134559729,5107.310344827586,550e8400-e29b-41d4-a716-446655440000,2024-10-07 12:23:55.936,2024-10-07 12:23:59.769
american_chameleon,3.1278505325317383,0.5329325795173645,1,0.5079927092870913,1.0,0.015985418574182668,5107.5,550e8400-e29b-41d4-a716-446655440000,2024-10-07 12:23:59.961,2024-10-07 12:24:04.072
american_coot,3.097637891769409,0.5813223123550415,1,0.508070665737408,1.0,0.01614133147481592,5096.5161290322585,550e8400-e29b-41d4-a716-446655440000,2024-10-07 12:24:04.669,2024-10-07 12:24:07.959
spoonbill,3.0670526027679443,0.5285578966140747,0,0.5079881251393893,1.0,0.015976250278778602,5105.548387096775,550e8400-e29b-41d4-a716-446655440000,2024-10-07 12:24:12.163,2024-10-07 12:24:15.711
american_lobster,2.9941625595092773,0.9999970197677612,1,0.43318385506020357,0.8500025332049524,0.016365176915454707,5107.733333333334,550e8400-e29b-41d4-a716-446655440000,2024-10-07 12:24:16.106,2024-10-07 12:24:19.668
american_staffordshire_terrier,2.9519073963165283,0.24547936022281647,1,0.5082997183551801,1.0,0.016599436710360075,5106.4,550e8400-e29b-41d4-a716-446655440000,2024-10-07 12:24:19.882,2024-10-07 12:24:23.645
half_track,2.9885010719299316,0.4660496115684509,0,0.5081980897481085,1.0,0.016396179496216978,5104.0,550e8400-e29b-41d4-a716-446655440000,2024-10-07 12:24:23.995,2024-10-07 12:24:27.698
analog_clock,3.0151114463806152,0.9074281454086304,1,0.4753803635520984,0.9345092548546983,0.01625147224949855,5108.8,550e8400-e29b-41d4-a716-446655440000,2024-10-07 12:24:28.080,2024-10-07 12:24:31.957
anemone_fish,2.9144246578216553,0.8033479452133179,1,0.508406461952704,1.0,0.01681292390540792,5106.4,550e8400-e29b-41d4-a716-446655440000,2024-10-07 12:24:32.252,2024-10-07 12:24:35.925
angora,2.7553045749664307,0.999981164932251,1,0.4347628896797919,0.8510160289445606,0.018509750415023122,5105.714285714285,550e8400-e29b-41d4-a716-446655440000,2024-10-07 12:24:36.140,2024-10-07 12:24:39.826
ant,2.8688454627990723,0.9402800798416138,1,0.4622936632643187,0.9061129957613436,0.018474330767293757,5100.689655172414,550e8400-e29b-41d4-a716-446655440000,2024-10-07 12:24:40.694,2024-10-07 12:24:43.920
apiary,3.146242380142212,0.9989010095596313,1,0.43341357147419596,0.8509351696167823,0.01589197333160962,5107.0,550e8400-e29b-41d4-a716-446655440000,2024-10-07 12:24:44.024,2024-10-07 12:24:48.203
appenzeller,2.9420559406280518,0.9809448719024658,1,0.44158325360464223,0.8665114873902052,0.016655019819079235,5096.0,550e8400-e29b-41d4-a716-446655440000,2024-10-07 12:24:48.386,2024-10-07 12:24:51.738
apron,2.9553654193878174,0.9764004945755005,1,0.4442434846169714,0.8715685876111527,0.01691838162279003,5104.0,550e8400-e29b-41d4-a716-446655440000,2024-10-07 12:24:51.836,2024-10-07 12:24:55.754
arabian_camel,3.3409852981567383,0.8976741433143616,1,0.480928563558387,0.9468914820935571,0.014965645023216834,5103.294117647059,550e8400-e29b-41d4-a716-446655440000,2024-10-07 12:24:56.061,2024-10-07 12:25:00.108
arctic_fox,2.8603758811950684,0.9979242086410522,1,0.43462415647837027,0.8517680928469591,0.017480220109781498,5104.275862068966,550e8400-e29b-41d4-a716-446655440000,2024-10-07 12:25:00.261,2024-10-07 12:25:03.580
armadillo,2.9449522495269775,0.9997935891151428,1,0.43390716591343276,0.8511756919277397,0.016638639899125854,5108.8,550e8400-e29b-41d4-a716-446655440000,2024-10-07 12:25:04.183,2024-10-07 12:25:07.688
artichoke,3.12097430229187,0.9999418258666992,1,0.4325350154356863,0.8490493927125505,0.016020638158822,5102.0,550e8400-e29b-41d4-a716-446655440000,2024-10-07 12:25:08.241,2024-10-07 12:25:11.958
ashcan,3.0507166385650635,0.9950533509254456,1,0.43480508723702477,0.8532205828063297,0.01638959166771976,5107.870967741936,550e8400-e29b-41d4-a716-446655440000,2024-10-07 12:25:12.105,2024-10-07 12:25:15.805
assault_rifle,3.0456655025482178,0.9705699682235718,1,0.44661057702725226,0.8768043807883115,0.01641677326619305,5112.5161290322585,550e8400-e29b-41d4-a716-446655440000,2024-10-07 12:25:15.980,2024-10-07 12:25:19.827
australian_terrier,2.969388723373413,0.9904857277870178,1,0.4375016480611599,0.8581648136405796,0.016838482481740163,5106.4,550e8400-e29b-41d4-a716-446655440000,2024-10-07 12:25:20.244,2024-10-07 12:25:23.983
axolotl,3.0539591312408447,0.9913217425346375,1,0.43724729764108855,0.8584498488090666,0.016044746473110452,5103.4838709677415,550e8400-e29b-41d4-a716-446655440000,2024-10-07 12:25:24.100,2024-10-07 12:25:28.141
baboon,2.874220848083496,0.6129531860351562,1,0.5083500890392619,1.0,0.01670017807852377,5104.827586206897,550e8400-e29b-41d4-a716-446655440000,2024-10-07 12:25:28.302,2024-10-07 12:25:31.965
backpack,3.1544079780578613,0.9992341995239258,1,0.4330926237252782,0.8506514292695078,0.015533818181048613,5104.75,550e8400-e29b-41d4-a716-446655440000,2024-10-07 12:25:32.169,2024-10-07 12:25:35.920
badger,3.1590182781219482,0.9956738352775574,1,0.4346021827332436,0.8536932174812559,0.015511147985231266,5107.5,550e8400-e29b-41d4-a716-446655440000,2024-10-07 12:25:36.104,2024-10-07 12:25:39.982
bagel,3.1017708778381348,0.9858070611953735,1,0.43901755702039136,0.862237686722698,0.015797427318084794,5108.129032258064,550e8400-e29b-41d4-a716-446655440000,2024-10-07 12:25:40.159,2024-10-07 12:25:43.830
restaurant,3.026061534881592,0.43134647607803345,0,0.5079311011105857,1.0,0.01586220222117136,5102.709677419355,550e8400-e29b-41d4-a716-446655440000,2024-10-07 12:25:43.994,2024-10-07 12:25:47.874
horizontal_bar,2.933962821960449,0.7048017382621765,0,0.5088617346495983,1.0,0.017723469299196517,5103.466666666666,550e8400-e29b-41d4-a716-446655440000,2024-10-07 12:25:48.137,2024-10-07 12:25:51.760
bald_eagle,2.732072353363037,0.9952095150947571,1,0.4366987259516707,0.8550963260424349,0.018301125860906514,5105.714285714285,550e8400-e29b-41d4-a716-446655440000,2024-10-07 12:25:51.957,2024-10-07 12:25:55.565
balloon,2.9606945514678955,0.9932193160057068,1,0.4358420157298532,0.8547961022489033,0.016887929210803013,5106.4,550e8400-e29b-41d4-a716-446655440000,2024-10-07 12:25:55.950,2024-10-07 12:25:59.751
ballplayer,3.072568416595459,0.9911940693855286,1,0.43743297824371363,0.859569307681775,0.01529664880565233,5103.225806451613,550e8400-e29b-41d4-a716-446655440000,2024-10-07 12:25:59.948,2024-10-07 12:26:03.885
ballpoint,2.9512226581573486,0.850653350353241,1,0.5073298319926757,0.9980563758991199,0.016603288086231377,5106.4,550e8400-e29b-41d4-a716-446655440000,2024-10-07 12:26:04.142,2024-10-07 12:26:07.801
banana,3.0316357612609863,0.9612789154052734,1,0.4496806457496867,0.8831983999587291,0.01616289154064432,5103.225806451613,550e8400-e29b-41d4-a716-446655440000,2024-10-07 12:26:08.034,2024-10-07 12:26:11.896
band_aid,3.1603057384490967,0.9999994039535522,1,0.43325266810804663,0.8510005072358293,0.015504828980263945,5109.793103448276,550e8400-e29b-41d4-a716-446655440000,2024-10-07 12:26:12.024,2024-10-07 12:26:16.032
banded_gecko,3.1334307193756104,0.9654477834701538,1,0.4488661788503836,0.8814562678275683,0.01627608987319899,5096.5,550e8400-e29b-41d4-a716-446655440000,2024-10-07 12:26:16.718,2024-10-07 12:26:20.309
banjo,3.280679225921631,0.9999958276748657,1,0.43262214643003205,0.8500035464911613,0.015240746368902817,5104.727272727273,550e8400-e29b-41d4-a716-446655440000,2024-10-07 12:26:20.430,2024-10-07 12:26:24.518
bannister,2.9305293560028076,0.9089831113815308,1,0.47536564063614234,0.9340107526416365,0.01672052863064821,5102.068965517241,550e8400-e29b-41d4-a716-446655440000,2024-10-07 12:26:24.616,2024-10-07 12:26:28.028
barbell,3.003492832183838,0.9994482398033142,1,0.43372560018669887,0.8514698071482641,0.01598139322513356,5108.8,550e8400-e29b-41d4-a716-446655440000,2024-10-07 12:26:28.192,2024-10-07 12:26:32.242
barber_chair,2.8961145877838135,0.9684785604476929,1,0.44781018175509313,0.8776652728451474,0.017955090665038854,5109.793103448276,550e8400-e29b-41d4-a716-446655440000,2024-10-07 12:26:32.397,2024-10-07 12:26:36.108
barbershop,3.2071471214294434,0.9922294020652771,1,0.43596755558913003,0.8566567350561941,0.015278376122065902,5102.5,550e8400-e29b-41d4-a716-446655440000,2024-10-07 12:26:36.283,2024-10-07 12:26:40.398
barn,3.056943655014038,0.9979422688484192,1,0.4327149110829653,0.848746492096582,0.01668333006934856,5107.870967741936,550e8400-e29b-41d4-a716-446655440000,2024-10-07 12:26:40.607,2024-10-07 12:26:44.279
barn_spider,3.150594711303711,0.9397289752960205,1,0.4599783984155628,0.9034519763877236,0.016504820443402093,5097.5,550e8400-e29b-41d4-a716-446655440000,2024-10-07 12:26:44.367,2024-10-07 12:26:48.388
digital_watch,3.3633275032043457,0.42830103635787964,0,0.507581777265433,1.0,0.015163554530865854,5105.176470588235,550e8400-e29b-41d4-a716-446655440000,2024-10-07 12:26:48.555,2024-10-07 12:26:52.658
barracouta,3.3717870712280273,0.7629719972610474,1,0.507414465822391,1.0,0.014828931644781967,5094.35294117647,550e8400-e29b-41d4-a716-446655440000,2024-10-07 12:26:52.760,2024-10-07 12:26:56.578
barrel,3.5029542446136475,0.9993606209754944,1,0.4321938965280381,0.8495431800897612,0.014844612966315023,5095.5,550e8400-e29b-41d4-a716-446655440000,2024-10-07 12:26:56.764,2024-10-07 12:27:00.699
barrow,2.9858319759368896,0.9919890761375427,1,0.43646843263858576,0.8558561988461687,0.0170806664310028,5104.0,550e8400-e29b-41d4-a716-446655440000,2024-10-07 12:27:00.896,2024-10-07 12:27:04.955
baseball,3.050044059753418,0.5161792039871216,1,0.5081966029048187,1.0,0.016393205809637476,5103.225806451613,550e8400-e29b-41d4-a716-446655440000,2024-10-07 12:27:05.256,2024-10-07 12:27:09.022
basenji,2.874345064163208,0.9998936653137207,1,0.43406893107774236,0.8510905004413597,0.01704736171412499,5104.827586206897,550e8400-e29b-41d4-a716-446655440000,2024-10-07 12:27:09.158,2024-10-07 12:27:12.790
basketball,2.974618673324585,0.9999973773956299,1,0.4334012882056012,0.8510022318421722,0.015800344569030227,5104.0,550e8400-e29b-41d4-a716-446655440000,2024-10-07 12:27:12.942,2024-10-07 12:27:16.957
basset,3.207674980163574,0.9448001980781555,1,0.4569392762090021,0.898602690523324,0.01527586189468026,5107.0,550e8400-e29b-41d4-a716-446655440000,2024-10-07 12:27:17.157,2024-10-07 12:27:21.118
bassinet,3.1024677753448486,0.9684643745422363,1,0.44705832782321386,0.877678128740429,0.016438526905998625,5102.709677419355,550e8400-e29b-41d4-a716-446655440000,2024-10-07 12:27:21.341,2024-10-07 12:27:25.084
bassoon,3.2190980911254883,0.9977192282676697,1,0.43308122827714113,0.8509408017264642,0.015221654827818001,5106.666666666667,550e8400-e29b-41d4-a716-446655440000,2024-10-07 12:27:25.349,2024-10-07 12:27:29.245
bath_towel,3.389418601989746,0.9992716908454895,1,0.4328331711777303,0.8506195139790362,0.01504682837642439,5104.75,550e8400-e29b-41d4-a716-446655440000,2024-10-07 12:27:29.656,2024-10-07 12:27:33.687
bathing_cap,2.9812276363372803,0.8793104887008667,1,0.4917190613904745,0.9666665085001188,0.016771614280830204,5090.4,550e8400-e29b-41d4-a716-446655440000,2024-10-07 12:27:33.957,2024-10-07 12:27:37.249
bathtub,2.9603567123413086,0.751989483833313,1,0.5084449282398228,1.0,0.016889856479645533,5096.0,550e8400-e29b-41d4-a716-446655440000,2024-10-07 12:27:37.632,2024-10-07 12:27:41.003
cab,3.376560688018799,0.4769034683704376,0,0.5075520632845376,1.0,0.015104126569075324,5096.941176470588,550e8400-e29b-41d4-a716-446655440000,2024-10-07 12:27:41.205,2024-10-07 12:27:45.403
beacon,3.083400011062622,0.9872623085975647,1,0.43875345567547946,0.8609667284953378,0.016540182855621133,5091.354838709677,550e8400-e29b-41d4-a716-446655440000,2024-10-07 12:27:45.721,2024-10-07 12:27:49.190
beagle,3.1932315826416016,0.9577106833457947,1,0.4505514884713593,0.8854448579789078,0.01565811896381079,5100.25,550e8400-e29b-41d4-a716-446655440000,2024-10-07 12:27:49.378,2024-10-07 12:27:53.403
beaker,3.133277654647827,0.9957211017608643,1,0.4356265149399319,0.8546569902908204,0.016596039589043272,5099.870967741936,550e8400-e29b-41d4-a716-446655440000,2024-10-07 12:27:53.501,2024-10-07 12:27:57.129
bearskin,3.2853574752807617,0.2872803509235382,1,0.5077617124443424,1.0,0.015523424888684788,5099.636363636364,550e8400-e29b-41d4-a716-446655440000,2024-10-07 12:27:57.288,2024-10-07 12:28:01.529
beaver,3.231764793395996,0.6138059496879578,1,0.507735711475998,1.0,0.015471422951996178,5088.75,550e8400-e29b-41d4-a716-446655440000,2024-10-07 12:28:01.717,2024-10-07 12:28:05.263
bedlington_terrier,3.151916742324829,0.9996156692504883,1,0.4330950849600179,0.8503268067389639,0.015863363181071972,5096.75,550e8400-e29b-41d4-a716-446655440000,2024-10-07 12:28:05.456,2024-10-07 12:28:09.200
bee,2.994753360748291,0.9984498023986816,1,0.43500934235765043,0.853322818987144,0.016695865728156872,5096.0,550e8400-e29b-41d4-a716-446655440000,2024-10-07 12:28:09.571,2024-10-07 12:28:13.076
bee_eater,3.195847511291504,0.9999731779098511,1,0.4323340373671405,0.8490227725653442,0.015645302168936726,5086.25,550e8400-e29b-41d4-a716-446655440000,2024-10-07 12:28:13.252,2024-10-07 12:28:16.794
beer_bottle,3.2775402069091797,0.9153705835342407,1,0.47122172259141376,0.9274932090585822,0.01495023612424529,5104.484848484848,550e8400-e29b-41d4-a716-446655440000,2024-10-07 12:28:16.975,2024-10-07 12:28:21.369
beer_bottle,3.610771417617798,0.6487364768981934,0,0.5067852536664212,1.0,0.01357050733284238,5097.176470588235,550e8400-e29b-41d4-a716-446655440000,2024-10-07 12:28:21.542,2024-10-07 12:28:25.763
analog_clock,3.338798999786377,0.6099857091903687,0,0.50748772238209,1.0,0.014975444764179904,5104.0,550e8400-e29b-41d4-a716-446655440000,2024-10-07 12:28:25.993,2024-10-07 12:28:30.363
bell_pepper,3.368650436401367,0.9515436291694641,1,0.4545895150983279,0.8943362909620638,0.01484273923459199,5100.363636363636,550e8400-e29b-41d4-a716-446655440000,2024-10-07 12:28:30.566,2024-10-07 12:28:34.435
bernese_mountain_dog,3.1273226737976074,0.9915361404418945,1,0.43595775504012274,0.8562471556726404,0.015668354407605067,5094.193548387097,550e8400-e29b-41d4-a716-446655440000,2024-10-07 12:28:34.667,2024-10-07 12:28:38.194
bib,3.185161590576172,0.8234350085258484,1,0.5080058732578736,1.0,0.01601174651574725,5100.0,550e8400-e29b-41d4-a716-446655440000,2024-10-07 12:28:38.456,2024-10-07 12:28:42.326
bicycle-built-for-two,3.1068756580352783,0.9990870952606201,1,0.4322731608978875,0.8487748505837643,0.01577147121201064,5102.709677419355,550e8400-e29b-41d4-a716-446655440000,2024-10-07 12:28:42.456,2024-10-07 12:28:46.129
bighorn,3.7471745014190674,0.830807626247406,1,0.5065382596915947,1.0,0.01307651938318953,5102.35294117647,550e8400-e29b-41d4-a716-446655440000,2024-10-07 12:28:46.331,2024-10-07 12:28:50.844
bikini,3.1457653045654297,0.8284024000167847,1,0.5079471917258791,1.0,0.015894383451758247,5107.0,550e8400-e29b-41d4-a716-446655440000,2024-10-07 12:28:51.091,2024-10-07 12:28:55.331
binder,3.1893582344055176,0.998299777507782,1,0.4334056214339362,0.8514476504462348,0.015363592421637574,5104.75,550e8400-e29b-41d4-a716-446655440000,2024-10-07 12:28:55.440,2024-10-07 12:28:59.317
binoculars,3.3618855476379395,0.9769310355186462,1,0.44247212914240996,0.870071652037076,0.01487260624774392,5100.705882352941,550e8400-e29b-41d4-a716-446655440000,2024-10-07 12:28:59.522,2024-10-07 12:29:03.519
birdhouse,3.277749538421631,0.9998136162757874,1,0.4325538685177537,0.8501584556991441,0.01494928133636333,5096.0,550e8400-e29b-41d4-a716-446655440000,2024-10-07 12:29:03.743,2024-10-07 12:29:07.440
bison,3.4143717288970947,0.6043147444725037,1,0.5071755514470342,1.0,0.014351102894068277,5099.0,550e8400-e29b-41d4-a716-446655440000,2024-10-07 12:29:07.634,2024-10-07 12:29:11.623
bittern,3.0540709495544434,0.9999992847442627,1,0.4331860994067813,0.8500006079678115,0.016371590845751134,5096.774193548387,550e8400-e29b-41d4-a716-446655440000,2024-10-07 12:29:11.764,2024-10-07 12:29:15.288
black-and-tan_coonhound,3.3776967525482178,0.7827597260475159,1,0.5071054336011348,1.0,0.014210867202269599,5098.117647058823,550e8400-e29b-41d4-a716-446655440000,2024-10-07 12:29:15.723,2024-10-07 12:29:19.661
black-footed_ferret,3.150737762451172,0.9722926020622253,1,0.4438586739529963,0.8721654347687089,0.015551913137283628,5092.5,550e8400-e29b-41d4-a716-446655440000,2024-10-07 12:29:19.901,2024-10-07 12:29:23.516
black_and_gold_garden_spider,3.2551662921905518,0.8002532124519348,1,0.507680099188781,1.0,0.015360198377562055,5105.212121212121,550e8400-e29b-41d4-a716-446655440000,2024-10-07 12:29:23.706,2024-10-07 12:29:27.519
black_grouse,3.3275556564331055,0.6952284574508667,1,0.5075130223446955,1.0,0.015026044689391107,5101.176470588235,550e8400-e29b-41d4-a716-446655440000,2024-10-07 12:29:27.684,2024-10-07 12:29:32.102
black_stork,3.2791740894317627,0.9925077557563782,1,0.4358321116521338,0.8564164814533114,0.015247741850956238,5106.181818181818,550e8400-e29b-41d4-a716-446655440000,2024-10-07 12:29:32.249,2024-10-07 12:29:36.786
black_swan,3.5755910873413086,0.9993113279342651,1,0.4327850828711375,0.8515864638091833,0.01398370193309167,5084.571428571428,550e8400-e29b-41d4-a716-446655440000,2024-10-07 12:29:36.914,2024-10-07 12:29:40.796
black_widow,3.2275824546813965,0.9988294243812561,1,0.43293398375602443,0.8509961553510987,0.01487181216095011,5072.484848484848,550e8400-e29b-41d4-a716-446655440000,2024-10-07 12:29:40.916,2024-10-07 12:29:44.611
blenheim_spaniel,3.6578361988067627,0.9901734590530396,1,0.4364206365006567,0.8594453751707916,0.013395897830521905,5098.823529411765,550e8400-e29b-41d4-a716-446655440000,2024-10-07 12:29:44.807,2024-10-07 12:29:48.860
bloodhound,3.2843711376190186,0.9990828037261963,1,0.43230552776540326,0.8487784964742509,0.015832559056555656,5095.272727272727,550e8400-e29b-41d4-a716-446655440000,2024-10-07 12:29:49.085,2024-10-07 12:29:52.845
bluetick,3.392413377761841,0.9959651231765747,1,0.43459318031383115,0.8544475907808733,0.014738769846789047,5093.176470588235,550e8400-e29b-41d4-a716-446655440000,2024-10-07 12:29:53.099,2024-10-07 12:29:56.967
boa_constrictor,3.1786718368530273,0.9283886551856995,1,0.46580463281720197,0.9155648286438616,0.016044436990542376,5093.25,550e8400-e29b-41d4-a716-446655440000,2024-10-07 12:29:57.215,2024-10-07 12:30:00.815
boathouse,3.6551759243011475,0.7154137492179871,1,0.5068396160725916,1.0,0.013679232145183209,5100.114285714286,550e8400-e29b-41d4-a716-446655440000,2024-10-07 12:30:00.985,2024-10-07 12:30:05.224
bobsled,3.3264334201812744,0.9145407676696777,1,0.4715326345791548,0.9283347774242139,0.014730491734095715,5100.606060606061,550e8400-e29b-41d4-a716-446655440000,2024-10-07 12:30:05.521,2024-10-07 12:30:09.867
bolete,3.3413493633270264,0.9918447136878967,1,0.43547239132309384,0.8559807682426731,0.014964014403514612,5101.176470588235,550e8400-e29b-41d4-a716-446655440000,2024-10-07 12:30:10.022,2024-10-07 12:30:14.700
bolo_tie,3.286407232284546,0.9927737712860107,1,0.4358527347211055,0.8561870031063918,0.015518466335819055,5089.69696969697,550e8400-e29b-41d4-a716-446655440000,2024-10-07 12:30:14.875,2024-10-07 12:30:18.675
bonnet,3.8501811027526855,0.9993987083435059,1,0.4321193405669503,0.8515120070652529,0.012726674068647699,5090.057142857143,550e8400-e29b-41d4-a716-446655440000,2024-10-07 12:30:19.083,2024-10-07 12:30:23.269
book_jacket,3.4697141647338867,0.994006872177124,1,0.4342646261695265,0.8541188434044499,0.014410408934603063,5102.628571428571,550e8400-e29b-41d4-a716-446655440000,2024-10-07 12:30:23.531,2024-10-07 12:30:27.839
bookcase,3.618255376815796,0.8534872531890869,1,0.5055904833247755,0.9970857758217323,0.014095190827818781,5086.0,550e8400-e29b-41d4-a716-446655440000,2024-10-07 12:30:28.069,2024-10-07 12:30:32.080
bookshop,3.4106993675231934,0.8467930555343628,1,0.5074764724920677,1.0,0.014952944984135482,5105.411764705882,550e8400-e29b-41d4-a716-446655440000,2024-10-07 12:30:32.332,2024-10-07 12:30:36.743
border_collie,3.449413776397705,0.8088564276695251,1,0.5071026561578779,1.0,0.014205312315755787,5094.117647058823,550e8400-e29b-41d4-a716-446655440000,2024-10-07 12:30:36.934,2024-10-07 12:30:41.095
border_terrier,3.4851555824279785,0.9665928483009338,1,0.4475227761359398,0.8804120592200515,0.014633493051828175,5100.571428571428,550e8400-e29b-41d4-a716-446655440000,2024-10-07 12:30:41.337,2024-10-07 12:30:46.147
borzoi,3.392786979675293,0.9112009406089783,1,0.47488345518310626,0.9350297635015469,0.014737146864665597,5088.470588235294,550e8400-e29b-41d4-a716-446655440000,2024-10-07 12:30:46.263,2024-10-07 12:30:50.171
boston_bull,3.7132346630096436,0.816914975643158,1,0.506732674411624,1.0,0.013465348823247842,5100.705882352941,550e8400-e29b-41d4-a716-446655440000,2024-10-07 12:30:50.573,2024-10-07 12:30:55.456
bottlecap,3.1718711853027344,0.9749621152877808,1,0.4432833162748551,0.8708030667934206,0.015763565756289635,5101.0,550e8400-e29b-41d4-a716-446655440000,2024-10-07 12:30:55.650,2024-10-07 12:30:59.605
bouvier_des_flandres,3.3552868366241455,0.9413986206054688,1,0.45928897476056196,0.9039741310144176,0.01460381850670638,5103.294117647059,550e8400-e29b-41d4-a716-446655440000,2024-10-07 12:30:59.810,2024-10-07 12:31:03.995
bow,3.7595598697662354,0.7941476702690125,1,0.5069157031409681,1.0,0.013831406281936213,5094.857142857143,550e8400-e29b-41d4-a716-446655440000,2024-10-07 12:31:04.330,2024-10-07 12:31:08.480
bow_tie,3.34032940864563,0.9977847933769226,1,0.4345797507395349,0.853891546208551,0.015267955270518802,5100.941176470588,550e8400-e29b-41d4-a716-446655440000,2024-10-07 12:31:08.711,2024-10-07 12:31:13.061
box_turtle,3.5470826625823975,0.7295076847076416,1,0.5070480455005238,1.0,0.014096091001047688,5100.114285714286,550e8400-e29b-41d4-a716-446655440000,2024-10-07 12:31:13.322,2024-10-07 12:31:17.923
boxer,3.4935097694396973,0.9313105940818787,1,0.4641822731161327,0.9137660469104274,0.014598499321838043,5083.657142857143,550e8400-e29b-41d4-a716-446655440000,2024-10-07 12:31:18.147,2024-10-07 12:31:22.067
brabancon_griffon,3.5151495933532715,0.9162003993988037,1,0.472075851825684,0.9299275579437304,0.014224145707637604,5100.571428571428,550e8400-e29b-41d4-a716-446655440000,2024-10-07 12:31:22.320,2024-10-07 12:31:27.252
coral_reef,3.6702706813812256,0.8505079746246338,0,0.5065128565824103,0.9994027397275634,0.013622973437257114,5097.777777777777,550e8400-e29b-41d4-a716-446655440000,2024-10-07 12:31:27.429,2024-10-07 12:31:32.108
brambling,3.7169671058654785,0.9980717301368713,1,0.43254701169577636,0.8516421959806783,0.013451827410874473,5103.294117647059,550e8400-e29b-41d4-a716-446655440000,2024-10-07 12:31:32.364,2024-10-07 12:31:37.147
brass,3.4370195865631104,0.9917048215866089,1,0.43633286579330294,0.8581182439332119,0.014547487653393943,5082.057142857143,550e8400-e29b-41d4-a716-446655440000,2024-10-07 12:31:37.352,2024-10-07 12:31:41.272
maillot,3.236950159072876,0.3569997549057007,0,0.5078777858004783,1.0,0.015755571600956426,5104.0,550e8400-e29b-41d4-a716-446655440000,2024-10-07 12:31:41.628,2024-10-07 12:31:46.006
breakwater,3.7704031467437744,0.5107057690620422,1,0.5064979788755902,1.0,0.012995957751180473,5103.771428571428,550e8400-e29b-41d4-a716-446655440000,2024-10-07 12:31:46.665,2024-10-07 12:31:51.616
cuirass,3.4726362228393555,0.7855091094970703,0,0.5073431244632789,1.0,0.014686248926557736,5103.294117647059,550e8400-e29b-41d4-a716-446655440000,2024-10-07 12:31:51.962,2024-10-07 12:31:56.256
briard,3.444645643234253,0.9983012676239014,1,0.4324799795330441,0.8504446779084438,0.014515281157644394,5088.470588235294,550e8400-e29b-41d4-a716-446655440000,2024-10-07 12:31:56.371,2024-10-07 12:32:00.320
brittany_spaniel,3.71986985206604,0.9318775534629822,1,0.46278916739203774,0.9121370043105833,0.013441330473492151,5099.428571428572,550e8400-e29b-41d4-a716-446655440000,2024-10-07 12:32:00.593,2024-10-07 12:32:05.568
broccoli,3.551405906677246,0.9939306974411011,1,0.4334877746735046,0.8531781966118933,0.013797352735115882,5104.222222222223,550e8400-e29b-41d4-a716-446655440000,2024-10-07 12:32:05.914,2024-10-07 12:32:10.420
broom,3.2914466857910156,0.9999502897262573,1,0.4331165970826049,0.8510423055459753,0.015190888619234545,5101.818181818182,550e8400-e29b-41d4-a716-446655440000,2024-10-07 12:32:10.532,2024-10-07 12:32:15.131
brown_bear,3.748033046722412,0.9739270210266113,1,0.4430478310099165,0.8727553314046257,0.013340330615207384,5093.64705882353,550e8400-e29b-41d4-a716-446655440000,2024-10-07 12:32:15.280,2024-10-07 12:32:19.583
bubble,3.3492424488067627,0.9998993873596191,1,0.43235785170554775,0.8500855293496574,0.014630174061438064,5090.588235294118,550e8400-e29b-41d4-a716-446655440000,2024-10-07 12:32:20.390,2024-10-07 12:32:24.351
bucket,3.8705718517303467,0.7369043827056885,1,0.5063298140271049,1.0,0.01265962805420973,5100.0,550e8400-e29b-41d4-a716-446655440000,2024-10-07 12:32:24.563,2024-10-07 12:32:29.793
buckeye,3.5512192249298096,0.9999954700469971,1,0.4325417632380359,0.8510038550074684,0.014079671468603366,5102.222222222223,550e8400-e29b-41d4-a716-446655440000,2024-10-07 12:32:30.055,2024-10-07 12:32:34.480
buckle,3.2227234840393066,0.9706694483757019,1,0.4461146741669205,0.8767145205033966,0.01551482783044447,5097.75,550e8400-e29b-41d4-a716-446655440000,2024-10-07 12:32:34.581,2024-10-07 12:32:39.185
bulbul,4.051729679107666,0.9899204969406128,1,0.43499252017201506,0.857644631688976,0.012340408655054147,5088.648648648648,550e8400-e29b-41d4-a716-446655440000,2024-10-07 12:32:39.340,2024-10-07 12:32:44.063
bull_mastiff,3.3833844661712646,0.9912691116333008,1,0.43577573799079666,0.8564778121665811,0.01507366381501215,5094.588235294118,550e8400-e29b-41d4-a716-446655440000,2024-10-07 12:32:44.215,2024-10-07 12:32:48.327
bullet_train,3.8067617416381836,0.9986936450004578,1,0.43199184342788294,0.8511118542259377,0.012871832629828201,5098.742857142857,550e8400-e29b-41d4-a716-446655440000,2024-10-07 12:32:48.928,2024-10-07 12:32:53.413
military_uniform,3.399552583694458,0.5200544595718384,0,0.5072068307216401,1.0,0.014413661443280084,5098.823529411765,550e8400-e29b-41d4-a716-446655440000,2024-10-07 12:32:53.657,2024-10-07 12:32:58.395
bullfrog,3.384145975112915,0.9649529457092285,1,0.4471574642795314,0.8798356477123301,0.014479280846732704,5099.058823529412,550e8400-e29b-41d4-a716-446655440000,2024-10-07 12:32:58.716,2024-10-07 12:33:03.393
burrito,3.5456302165985107,0.9981123208999634,1,0.43335565921225905,0.8526094530450067,0.014101865379511387,5097.6,550e8400-e29b-41d4-a716-446655440000,2024-10-07 12:33:03.769,2024-10-07 12:33:08.843
bustard,3.3603930473327637,0.9994662404060364,1,0.4320175157511111,0.8494534039039587,0.014581627598263439,5103.294117647059,550e8400-e29b-41d4-a716-446655440000,2024-10-07 12:33:09.104,2024-10-07 12:33:13.314
butcher_shop,4.03743052482605,0.99118971824646,1,0.43559799437377744,0.8585641924388872,0.012631796308667701,5088.648648648648,550e8400-e29b-41d4-a716-446655440000,2024-10-07 12:33:13.528,2024-10-07 12:33:18.136
butternut_squash,3.3817379474639893,0.9915197491645813,1,0.4350190274678352,0.8552527579148012,0.014785297020869306,5092.235294117647,550e8400-e29b-41d4-a716-446655440000,2024-10-07 12:33:18.353,2024-10-07 12:33:22.325
street_sign,3.428363561630249,0.7154501676559448,0,0.5071462665961687,1.0,0.014292533192337283,5097.828571428571,550e8400-e29b-41d4-a716-446655440000,2024-10-07 12:33:22.741,2024-10-07 12:33:27.119
cabbage_butterfly,3.6207265853881836,0.9957942962646484,1,0.4330594591287803,0.8525857229597592,0.013533195297801432,5088.222222222223,550e8400-e29b-41d4-a716-446655440000,2024-10-07 12:33:27.224,2024-10-07 12:33:31.707
cairn,3.6475331783294678,0.9380744695663452,1,0.4595137349699794,0.9050454175482222,0.013982052391736562,5106.0,550e8400-e29b-41d4-a716-446655440000,2024-10-07 12:33:31.846,2024-10-07 12:33:36.344
caldron,3.9510698318481445,0.9071575403213501,1,0.4745256778564485,0.9358903633201919,0.013160992392705087,5086.0,550e8400-e29b-41d4-a716-446655440000,2024-10-07 12:33:36.549,2024-10-07 12:33:41.139
can_opener,3.4154317378997803,0.9911618232727051,1,0.4357513740301264,0.8565705216497315,0.014932226410521368,5098.823529411765,550e8400-e29b-41d4-a716-446655440000,2024-10-07 12:33:41.303,2024-10-07 12:33:45.393
candle,3.3669192790985107,0.9995953440666199,1,0.43309743623934344,0.8513445016039246,0.01485037087476224,5090.35294117647,550e8400-e29b-41d4-a716-446655440000,2024-10-07 12:33:45.549,2024-10-07 12:33:49.483
cannon,3.5632646083831787,0.9990742206573486,1,0.4339112487966598,0.8537904215352109,0.014032076058108791,5095.777777777777,550e8400-e29b-41d4-a716-446655440000,2024-10-07 12:33:49.656,2024-10-07 12:33:54.847
canoe,3.6015496253967285,0.8697949051856995,1,0.4959984107088311,0.978391566708836,0.013605254708826179,5085.333333333333,550e8400-e29b-41d4-a716-446655440000,2024-10-07 12:33:55.149,2024-10-07 12:33:59.383
capuchin,3.5445899963378906,0.9453421831130981,1,0.4571545710528956,0.9002031382938813,0.014106003811909906,5098.588235294118,550e8400-e29b-41d4-a716-446655440000,2024-10-07 12:33:59.490,2024-10-07 12:34:04.353
car_mirror,3.409677505493164,0.9999754428863525,1,0.4331958918693716,0.8520209231746404,0.014370860564102765,5105.411764705882,550e8400-e29b-41d4-a716-446655440000,2024-10-07 12:34:04.644,2024-10-07 12:34:09.205
car_wheel,4.198791027069092,0.9952438473701477,1,0.4323636482363256,0.8530572705808879,0.011670025891763367,5084.210526315789,550e8400-e29b-41d4-a716-446655440000,2024-10-07 12:34:09.344,2024-10-07 12:34:14.081
carbonara,3.413125991821289,0.92878657579422,1,0.4639807696607869,0.9130192254069369,0.014942313914636865,5089.411764705882,550e8400-e29b-41d4-a716-446655440000,2024-10-07 12:34:14.303,2024-10-07 12:34:18.334
cardigan,3.5238049030303955,0.9998388290405273,1,0.4318049240766383,0.8491368562018377,0.014472991951438943,5100.571428571428,550e8400-e29b-41d4-a716-446655440000,2024-10-07 12:34:18.517,2024-10-07 12:34:23.258
cardoon,3.896918535232544,0.9509617686271667,1,0.4526772039597107,0.89278037036719,0.01257403755223125,5084.923076923077,550e8400-e29b-41d4-a716-446655440000,2024-10-07 12:34:23.431,2024-10-07 12:34:28.135
carousel,3.591892957687378,1.0,1,0.43146011832604725,0.849,0.013920236652094513,5085.4857142857145,550e8400-e29b-41d4-a716-446655440000,2024-10-07 12:34:28.378,2024-10-07 12:34:32.507
letter_opener,4.415101766586304,0.44849762320518494,0,0.5057756313100154,1.0,0.011551262620030726,5080.975609756098,550e8400-e29b-41d4-a716-446655440000,2024-10-07 12:34:32.654,2024-10-07 12:34:37.519
carton,3.93178391456604,0.8735251426696777,1,0.4917480144922189,0.9707791551463905,0.012716873838047281,5090.736842105263,550e8400-e29b-41d4-a716-446655440000,2024-10-07 12:34:37.658,2024-10-07 12:34:42.158
cash_machine,4.160434246063232,0.9999961853027344,1,0.4310106093824649,0.8500032425050449,0.012017976259884886,5095.368421052632,550e8400-e29b-41d4-a716-446655440000,2024-10-07 12:34:42.336,2024-10-07 12:34:47.263
cassette,3.5127475261688232,0.7255682945251465,1,0.5069745974675046,1.0,0.01394919493500913,5091.657142857143,550e8400-e29b-41d4-a716-446655440000,2024-10-07 12:34:47.498,2024-10-07 12:34:51.656
cassette_player,3.740062713623047,0.525494396686554,1,0.5066843798925987,1.0,0.013368759785197387,5099.885714285714,550e8400-e29b-41d4-a716-446655440000,2024-10-07 12:34:51.889,2024-10-07 12:34:56.955
castle,3.6655895709991455,0.99873286485672,1,0.4323594009655982,0.851078431390102,0.013640370541094508,5100.222222222223,550e8400-e29b-41d4-a716-446655440000,2024-10-07 12:34:57.137,2024-10-07 12:35:01.515
catamaran,3.6944727897644043,0.9453633427619934,1,0.45552989113575976,0.8980674007514865,0.012992381520033052,5095.555555555556,550e8400-e29b-41d4-a716-446655440000,2024-10-07 12:35:02.084,2024-10-07 12:35:06.559
cauliflower,3.435161828994751,0.2467765212059021,1,0.5074232310643316,1.0,0.014846462128663205,5093.176470588235,550e8400-e29b-41d4-a716-446655440000,2024-10-07 12:35:07.142,2024-10-07 12:35:11.317
cd_player,3.9687204360961914,0.6237359642982483,1,0.5064252447131506,1.0,0.012850489426301301,5087.384615384615,550e8400-e29b-41d4-a716-446655440000,2024-10-07 12:35:11.559,2024-10-07 12:35:15.989
cello,3.6605732440948486,0.8143250942230225,1,0.506692940795413,1.0,0.013385881590826152,5093.8378378378375,550e8400-e29b-41d4-a716-446655440000,2024-10-07 12:35:17.170,2024-10-07 12:35:21.611
cellular_telephone,3.580348491668701,0.7538716197013855,1,0.5071222117230592,1.0,0.014244423446118317,5088.685714285714,550e8400-e29b-41d4-a716-446655440000,2024-10-07 12:35:22.356,2024-10-07 12:35:26.543
centipede,3.8125481605529785,0.9996147155761719,1,0.43172110320880924,0.850327617986361,0.01311458843125746,5089.0526315789475,550e8400-e29b-41d4-a716-446655440000,2024-10-07 12:35:27.148,2024-10-07 12:35:32.111
chain,3.6129767894744873,0.9991658926010132,1,0.4317738761435794,0.8497087483539859,0.01383900393317295,5093.333333333333,550e8400-e29b-41d4-a716-446655440000,2024-10-07 12:35:32.333,2024-10-07 12:35:36.647
chain_mail,3.5774810314178467,0.9542904496192932,1,0.451821279249317,0.8896662440022343,0.013976314496399644,5096.888888888889,550e8400-e29b-41d4-a716-446655440000,2024-10-07 12:35:37.213,2024-10-07 12:35:41.633
chain_saw,3.7654638290405273,0.9999545812606812,1,0.4327914233428782,0.8520386985235378,0.013544148162218633,5096.210526315789,550e8400-e29b-41d4-a716-446655440000,2024-10-07 12:35:41.848,2024-10-07 12:35:46.827
chainlink_fence,3.7205798625946045,0.9916353225708008,1,0.43580857539519585,0.8581783853703339,0.013438765420057862,5093.621621621622,550e8400-e29b-41d4-a716-446655440000,2024-10-07 12:35:47.092,2024-10-07 12:35:52.007
chambered_nautilus,3.6096420288085938,0.9782243967056274,1,0.44101392485803836,0.8678990248650338,0.014128824851042962,5100.444444444444,550e8400-e29b-41d4-a716-446655440000,2024-10-07 12:35:52.182,2024-10-07 12:35:56.565
cheeseburger,3.637274742126465,0.9949213862419128,1,0.43418017196639763,0.8543388570736025,0.01402148685919277,5097.333333333333,550e8400-e29b-41d4-a716-446655440000,2024-10-07 12:35:56.791,2024-10-07 12:36:01.567
cheetah,4.164775371551514,0.986930251121521,1,0.436510872673927,0.8612564049324487,0.011765340415405385,5095.1578947368425,550e8400-e29b-41d4-a716-446655440000,2024-10-07 12:36:02.582,2024-10-07 12:36:07.558
chesapeake_bay_retriever,3.6150548458099365,0.4733775556087494,1,0.5069155244017879,1.0,0.013831048803575684,5102.0,550e8400-e29b-41d4-a716-446655440000,2024-10-07 12:36:07.955,2024-10-07 12:36:12.968
chest,4.157142400741577,0.9997186064720154,1,0.43001281587602413,0.8482386888772362,0.011786942874812053,5098.666666666667,550e8400-e29b-41d4-a716-446655440000,2024-10-07 12:36:13.274,2024-10-07 12:36:18.428
chickadee,3.5696537494659424,0.999568521976471,1,0.43154665225867206,0.8493664829713242,0.013726821546019952,5094.0,550e8400-e29b-41d4-a716-446655440000,2024-10-07 12:36:18.583,2024-10-07 12:36:22.926
chiffonier,4.452856779098511,0.9997996687889099,1,0.43131191872821684,0.8511705160203185,0.011453321436115231,5101.0,550e8400-e29b-41d4-a716-446655440000,2024-10-07 12:36:23.048,2024-10-07 12:36:28.783
chihuahua,3.5926671028137207,0.9946739673614502,1,0.43501532482324035,0.8555567230309937,0.014473926615486977,5098.666666666667,550e8400-e29b-41d4-a716-446655440000,2024-10-07 12:36:29.030,2024-10-07 12:36:34.010
chime,4.160491466522217,0.9998144507408142,1,0.4310877785565605,0.8501577461399873,0.012017810973133744,5095.1578947368425,550e8400-e29b-41d4-a716-446655440000,2024-10-07 12:36:34.248,2024-10-07 12:36:39.154
chimpanzee,3.8193359375,0.7480632662773132,1,0.5064147276911276,1.0,0.012829455382255179,5100.210526315789,550e8400-e29b-41d4-a716-446655440000,2024-10-07 12:36:39.430,2024-10-07 12:36:44.140
abacus,1.0798161029815674,0.9815389513969421,1,0.37098355249665665,0.7141845965484359,0.0277825084448774,5144.727272727273,550e8400-e29b-41d4-a716-446655440001,2024-10-07 12:36:50.239,2024-10-07 12:36:52.423
abaya,0.18674373626708984,0.9050615429878235,1,0.46703801292684594,0.7734280673214038,0.1606479585322881,5136.0,550e8400-e29b-41d4-a716-446655440001,2024-10-07 12:36:52.619,2024-10-07 12:36:53.586
crutch,0.7631092071533203,0.3677351772785187,0,0.519656426445116,1.0,0.039312852890231925,5147.0,550e8400-e29b-41d4-a716-446655440001,2024-10-07 12:36:54.015,2024-10-07 12:36:56.241
vestment,0.19754552841186523,0.31612294912338257,0,0.570869738801737,1.0,0.14173947760347397,5128.0,550e8400-e29b-41d4-a716-446655440001,2024-10-07 12:36:56.651,2024-10-07 12:36:57.534
acorn,0.12846899032592773,0.9991102814674377,1,0.46807226331184915,0.702625138607263,0.23351938801643535,5128.0,550e8400-e29b-41d4-a716-446655440001,2024-10-07 12:36:57.766,2024-10-07 12:36:58.644
mantis,0.31455039978027344,0.19658347964286804,0,0.5445079707728223,1.0,0.08901594154564473,5112.0,550e8400-e29b-41d4-a716-446655440001,2024-10-07 12:36:58.902,2024-10-07 12:36:59.914
acoustic_guitar,0.4212348461151123,0.999011754989624,1,0.3859558175226095,0.7006924558232754,0.07121917922194355,5152.0,550e8400-e29b-41d4-a716-446655440001,2024-10-07 12:37:00.262,2024-10-07 12:37:01.874
admiral,0.14116692543029785,0.9999721050262451,1,0.4527250415841589,0.7000195270263343,0.2054305561419835,5152.0,550e8400-e29b-41d4-a716-446655440001,2024-10-07 12:37:02.313,2024-10-07 12:37:03.895
affenpinscher,0.3948218822479248,0.9875903129577637,1,0.3901108236383271,0.7067708044943646,0.07345084278228965,5152.0,550e8400-e29b-41d4-a716-446655440001,2024-10-07 12:37:04.078,2024-10-07 12:37:05.779
afghan_hound,0.3420264720916748,0.92365562915802,1,0.421323483375422,0.7578582080835705,0.08478875866727359,5152.0,550e8400-e29b-41d4-a716-446655440001,2024-10-07 12:37:06.211,2024-10-07 12:37:07.823
african_chameleon,0.6779522895812988,0.9294999837875366,1,0.39847239631827114,0.7541689211693771,0.0427758714671652,5136.0,550e8400-e29b-41d4-a716-446655440001,2024-10-07 12:37:08.220,2024-10-07 12:37:09.815
african_crocodile,0.23112940788269043,0.7168307304382324,1,0.5502982206408847,0.975125605416872,0.12547083586489752,5144.0,550e8400-e29b-41d4-a716-446655440001,2024-10-07 12:37:10.008,2024-10-07 12:37:11.386
african_elephant,0.4966745376586914,0.7335981130599976,1,0.5083080229474493,0.9542009276443576,0.062415118250540996,5120.0,550e8400-e29b-41d4-a716-446655440001,2024-10-07 12:37:11.572,2024-10-07 12:37:12.776
african_grey,0.61187744140625,1.0,1,0.37501471321695756,0.701,0.04902942643391521,5128.0,550e8400-e29b-41d4-a716-446655440001,2024-10-07 12:37:13.360,2024-10-07 12:37:14.874
african_hunting_dog,0.1569831371307373,0.999931812286377,1,0.44557553150060736,0.700047734654453,0.19110332834676164,5152.0,550e8400-e29b-41d4-a716-446655440001,2024-10-07 12:37:15.111,2024-10-07 12:37:16.621
agama,0.15529823303222656,0.9993896484375,1,0.4515226306892624,0.7034293391962868,0.199615922182238,5152.0,550e8400-e29b-41d4-a716-446655440001,2024-10-07 12:37:17.064,2024-10-07 12:37:18.686
agaric,0.20435214042663574,0.9831752777099609,1,0.43285599826177845,0.7140130716418316,0.15169892488172532,5120.0,550e8400-e29b-41d4-a716-446655440001,2024-10-07 12:37:18.899,2024-10-07 12:37:19.840
aircraft_carrier,1.230949878692627,0.7929230332374573,1,0.45277808916900847,0.8828095170119373,0.02274666132607964,5147.555555555556,550e8400-e29b-41d4-a716-446655440001,2024-10-07 12:37:20.079,2024-10-07 12:37:22.600
airedale,0.5091390609741211,0.9167372584342957,1,0.40983159229733784,0.7646683862257814,0.05499479836889436,5128.0,550e8400-e29b-41d4-a716-446655440001,2024-10-07 12:37:22.758,2024-10-07 12:37:23.944
airliner,0.13869285583496094,0.9932509064674377,1,0.45692579605895073,0.704756467315591,0.2090951248023104,5152.0,550e8400-e29b-41d4-a716-446655440001,2024-10-07 12:37:24.078,2024-10-07 12:37:25.663
airship,0.4779500961303711,0.2731558084487915,1,0.5303378953522478,1.0,0.06067579070449571,5112.0,550e8400-e29b-41d4-a716-446655440001,2024-10-07 12:37:25.911,2024-10-07 12:37:26.952
vulture,0.21035337448120117,0.25677379965782166,0,0.5736855305422505,1.0,0.14737106108450093,5144.0,550e8400-e29b-41d4-a716-446655440001,2024-10-07 12:37:27.191,2024-10-07 12:37:28.334
green_snake,0.15372085571289062,0.53966224193573,0,0.5975794724173016,1.0,0.19515894483460305,5120.0,550e8400-e29b-41d4-a716-446655440001,2024-10-07 12:37:28.580,2024-10-07 12:37:29.451
indri,0.23829913139343262,0.12707264721393585,0,0.5650442991938961,1.0,0.13008859838779227,5120.0,550e8400-e29b-41d4-a716-446655440001,2024-10-07 12:37:29.595,2024-10-07 12:37:30.938
teddy,0.6202270984649658,0.15714199841022491,0,0.5257970024844114,1.0,0.05159400496882281,5144.0,550e8400-e29b-41d4-a716-446655440001,2024-10-07 12:37:31.221,2024-10-07 12:37:32.880
ambulance,0.9691810607910156,0.9519652128219604,1,0.3831374777983423,0.7353209871240496,0.030953968472634954,5152.0,550e8400-e29b-41d4-a716-446655440001,2024-10-07 12:37:33.067,2024-10-07 12:37:35.544
american_alligator,0.1649622917175293,0.7593258023262024,1,0.551865084002977,0.9218704248631389,0.18185974314281503,5128.0,550e8400-e29b-41d4-a716-446655440001,2024-10-07 12:37:35.759,2024-10-07 12:37:36.656
american_black_bear,0.23508334159851074,0.3746426999568939,1,0.5595533477821242,1.0,0.11910669556424827,5128.0,550e8400-e29b-41d4-a716-446655440001,2024-10-07 12:37:36.893,2024-10-07 12:37:37.903
green_snake,0.7974526882171631,0.6928828358650208,0,0.5181828968843495,1.0,0.036365793768699035,5075.555555555556,550e8400-e29b-41d4-a716-446655440001,2024-10-07 12:37:38.037,2024-10-07 12:37:39.729
american_coot,0.2031853199005127,0.6586884260177612,1,0.5738242310386625,1.0,0.14764846207732502,5120.0,550e8400-e29b-41d4-a716-446655440001,2024-10-07 12:37:39.903,2024-10-07 12:37:40.899
american_egret,0.406219482421875,0.8885856866836548,1,0.4295793440374038,0.7877687098612999,0.07138997821350763,5120.0,550e8400-e29b-41d4-a716-446655440001,2024-10-07 12:37:41.082,2024-10-07 12:37:42.035
american_lobster,0.40634727478027344,0.9981618523597717,1,0.3865569328652817,0.6992853897890868,0.0738284759414766,5152.0,550e8400-e29b-41d4-a716-446655440001,2024-10-07 12:37:42.427,2024-10-07 12:37:43.979
siamese_cat,0.3487541675567627,0.5026764869689941,0,0.5415765640926428,1.0,0.08315312818528543,5152.0,550e8400-e29b-41d4-a716-446655440001,2024-10-07 12:37:44.134,2024-10-07 12:37:45.930
amphibian,0.3778243064880371,0.5593466758728027,1,0.5397009926106354,1.0,0.07940198522127076,5136.0,550e8400-e29b-41d4-a716-446655440001,2024-10-07 12:37:46.106,2024-10-07 12:37:47.913
analog_clock,0.6251280307769775,0.47966495156288147,1,0.5247949207792441,1.0,0.04958984155848812,5144.0,550e8400-e29b-41d4-a716-446655440001,2024-10-07 12:37:48.176,2024-10-07 12:37:49.962
anemone_fish,0.7494330406188965,0.8777915835380554,1,0.41750625403872393,0.796316589391969,0.03869591868547887,5144.0,550e8400-e29b-41d4-a716-446655440001,2024-10-07 12:37:50.087,2024-10-07 12:37:51.906
angora,0.2275698184967041,0.9775430560112,1,0.42783710209106957,0.7150580178557284,0.14061618632641068,5144.0,550e8400-e29b-41d4-a716-446655440001,2024-10-07 12:37:52.173,2024-10-07 12:37:53.471
american_chameleon,0.14867138862609863,0.3733349144458771,0,0.6076199001560363,1.0,0.21523980031207252,5128.0,550e8400-e29b-41d4-a716-446655440001,2024-10-07 12:37:53.672,2024-10-07 12:37:54.655
apiary,0.8044185638427734,0.9672011137008667,1,0.380411294161543,0.7247717047364808,0.03605088358660524,5098.0,550e8400-e29b-41d4-a716-446655440001,2024-10-07 12:37:54.790,2024-10-07 12:37:56.476
appenzeller,0.1522071361541748,0.5556397438049316,1,0.601834909923669,1.0,0.2036698198473378,5120.0,550e8400-e29b-41d4-a716-446655440001,2024-10-07 12:37:56.841,2024-10-07 12:37:57.763
apron,0.6895418167114258,0.8715931177139282,1,0.42331709513358917,0.8031270391808577,0.04350715108632062,5144.0,550e8400-e29b-41d4-a716-446655440001,2024-10-07 12:37:57.852,2024-10-07 12:37:59.910
thresher,0.43890833854675293,0.7563714385032654,0,0.49691131201597966,0.9254712226907784,0.06835140134118088,5088.0,550e8400-e29b-41d4-a716-446655440001,2024-10-07 12:38:00.020,2024-10-07 12:38:01.058
timber_wolf,0.6546475887298584,0.18435631692409515,0,0.522913091345991,1.0,0.04582618269198202,5136.0,550e8400-e29b-41d4-a716-446655440001,2024-10-07 12:38:01.288,2024-10-07 12:38:02.985
american_alligator,0.4043552875518799,0.2747790813446045,0,0.5358595533343672,1.0,0.0717191066687343,5144.0,550e8400-e29b-41d4-a716-446655440001,2024-10-07 12:38:03.218,2024-10-07 12:38:05.040
artichoke,0.6687695980072021,0.9999996423721313,1,0.3736770162332864,0.7010002506972255,0.046353781769347346,5136.0,550e8400-e29b-41d4-a716-446655440001,2024-10-07 12:38:05.271,2024-10-07 12:38:06.944
safe,0.6102044582366943,0.19766534864902496,0,0.5237625271403303,1.0,0.04752505428066062,5144.0,550e8400-e29b-41d4-a716-446655440001,2024-10-07 12:38:07.282,2024-10-07 12:38:09.017
overskirt,1.2932767868041992,0.29607075452804565,0,0.5112118304047123,1.0,0.02242366080942468,5115.076923076923,550e8400-e29b-41d4-a716-446655440001,2024-10-07 12:38:09.111,2024-10-07 12:38:11.074
norwich_terrier,0.8540575504302979,0.5474197268486023,0,0.5175632192379104,1.0,0.035126438475820705,5140.444444444444,550e8400-e29b-41d4-a716-446655440001,2024-10-07 12:38:11.290,2024-10-07 12:38:13.498
axolotl,0.4828677177429199,0.49661728739738464,1,0.5310644084266284,1.0,0.06212881685325686,5128.0,550e8400-e29b-41d4-a716-446655440001,2024-10-07 12:38:13.617,2024-10-07 12:38:14.844
baboon,0.587165117263794,0.2924424707889557,1,0.5255464767217447,1.0,0.05109295344348937,5144.0,550e8400-e29b-41d4-a716-446655440001,2024-10-07 12:38:14.984,2024-10-07 12:38:16.918
backpack,0.6139438152313232,0.30258867144584656,1,0.5260610166648091,1.0,0.05212203332961822,5144.0,550e8400-e29b-41d4-a716-446655440001,2024-10-07 12:38:17.089,2024-10-07 12:38:18.974
badger,0.3961915969848633,0.7523425221443176,1,0.5043361211546017,0.9304272713509112,0.07824497095829211,5136.0,550e8400-e29b-41d4-a716-446655440001,2024-10-07 12:38:19.185,2024-10-07 12:38:21.151
potpie,0.5776455402374268,0.4346720576286316,0,0.5268330644319164,1.0,0.0536661288638327,5144.0,550e8400-e29b-41d4-a716-446655440001,2024-10-07 12:38:21.348,2024-10-07 12:38:22.950
guillotine,0.6911869049072266,0.20228441059589386,0,0.5209784067045458,1.0,0.04195681340909154,5144.0,550e8400-e29b-41d4-a716-446655440001,2024-10-07 12:38:23.128,2024-10-07 12:38:25.008
balance_beam,0.22830557823181152,0.6545610427856445,1,0.567891464238609,1.0,0.13578292847721815,5144.0,550e8400-e29b-41d4-a716-446655440001,2024-10-07 12:38:25.326,2024-10-07 12:38:26.590
bald_eagle,0.2905910015106201,0.9780634045600891,1,0.4072371070410528,0.7146775932327152,0.09979662084939045,5120.0,550e8400-e29b-41d4-a716-446655440001,2024-10-07 12:38:26.732,2024-10-07 12:38:27.807
balloon,0.1545858383178711,0.8395332098007202,1,0.5145273752472331,0.8349878144384498,0.19406693605601652,5128.0,550e8400-e29b-41d4-a716-446655440001,2024-10-07 12:38:27.982,2024-10-07 12:38:29.604
ballplayer,0.18024206161499023,0.9982116222381592,1,0.4333475761072385,0.70025231566902,0.16644283654545694,5120.0,550e8400-e29b-41d4-a716-446655440001,2024-10-07 12:38:29.704,2024-10-07 12:38:30.729
ballpoint,0.3592069149017334,0.6491900682449341,1,0.5403667062032107,1.0,0.08073341240642151,5112.0,550e8400-e29b-41d4-a716-446655440001,2024-10-07 12:38:30.823,2024-10-07 12:38:31.853
banana,0.608983039855957,0.6535624265670776,1,0.5246312278311527,1.0,0.049262455662305325,5136.0,550e8400-e29b-41d4-a716-446655440001,2024-10-07 12:38:32.213,2024-10-07 12:38:34.010
band_aid,0.22779560089111328,0.8369414210319519,1,0.4818429191567289,0.8363787266460027,0.12730711166745515,5144.0,550e8400-e29b-41d4-a716-446655440001,2024-10-07 12:38:34.162,2024-10-07 12:38:35.639
banded_gecko,0.9498679637908936,0.9156928062438965,1,0.3974698881103226,0.7633564392268688,0.03158333699377641,5123.2,550e8400-e29b-41d4-a716-446655440001,2024-10-07 12:38:35.766,2024-10-07 12:38:37.827
banjo,0.5783731937408447,0.9574739933013916,1,0.3926867686175638,0.7300459384696523,0.055327598765475355,5144.0,550e8400-e29b-41d4-a716-446655440001,2024-10-07 12:38:38.015,2024-10-07 12:38:40.006
window_shade,0.5377283096313477,0.7735140323638916,0,0.48009217019578193,0.906253759686446,0.053930580705117866,5144.0,550e8400-e29b-41d4-a716-446655440001,2024-10-07 12:38:40.202,2024-10-07 12:38:42.072
barbell,0.1278543472290039,0.8980216383934021,1,0.4992452206847794,0.7794912394898735,0.21899920187968522,5136.0,550e8400-e29b-41d4-a716-446655440001,2024-10-07 12:38:42.437,2024-10-07 12:38:43.874
plastic_bag,0.49193286895751953,0.31326064467430115,0,0.5274427688245523,1.0,0.05488553764910464,5144.0,550e8400-e29b-41d4-a716-446655440001,2024-10-07 12:38:44.061,2024-10-07 12:38:45.832
barbershop,0.1489856243133545,0.40279650688171387,1,0.6073929117238046,1.0,0.21478582344760927,5144.0,550e8400-e29b-41d4-a716-446655440001,2024-10-07 12:38:46.021,2024-10-07 12:38:47.585
barn,0.426102876663208,0.9040602445602417,1,0.42241241246977146,0.7720724411894975,0.07275238375004546,5120.0,550e8400-e29b-41d4-a716-446655440001,2024-10-07 12:38:47.762,2024-10-07 12:38:49.008
whiskey_jug,0.1467435359954834,0.5223931074142456,0,0.5988118481787592,1.0,0.19762369635751853,5136.0,550e8400-e29b-41d4-a716-446655440001,2024-10-07 12:38:49.268,2024-10-07 12:38:50.561
digital_watch,0.23334479331970215,0.8055048584938049,0,0.496029180676845,0.8677787509650084,0.12427961038868154,5120.0,550e8400-e29b-41d4-a716-446655440001,2024-10-07 12:38:50.697,2024-10-07 12:38:52.113
stretcher,0.17061424255371094,0.39366525411605835,0,0.5820564554895976,1.0,0.1641129109791953,5128.0,550e8400-e29b-41d4-a716-446655440001,2024-10-07 12:38:52.445,2024-10-07 12:38:53.581
barrel,0.12950706481933594,0.9860212206840515,1,0.4684462038557972,0.712966399964794,0.2239260077468004,5120.0,550e8400-e29b-41d4-a716-446655440001,2024-10-07 12:38:53.769,2024-10-07 12:38:54.798
barrow,0.9094867706298828,0.4756946563720703,1,0.5159430576323367,1.0,0.03188611526467338,5088.0,550e8400-e29b-41d4-a716-446655440001,2024-10-07 12:38:54.918,2024-10-07 12:38:56.504
bolo_tie,0.6067104339599609,0.053166184574365616,0,0.5255476074456681,1.0,0.05109521489133613,5128.0,550e8400-e29b-41d4-a716-446655440001,2024-10-07 12:38:56.644,2024-10-07 12:38:58.135
basenji,0.23557138442993164,0.5035286545753479,1,0.5615524675676934,1.0,0.1231049351353868,5152.0,550e8400-e29b-41d4-a716-446655440001,2024-10-07 12:38:58.801,2024-10-07 12:39:00.136
basketball,1.1122088432312012,0.9594365358352661,1,0.3787336797940542,0.7295948964363693,0.02787246315173908,5137.454545454545,550e8400-e29b-41d4-a716-446655440001,2024-10-07 12:39:00.462,2024-10-07 12:39:02.903
basset,0.22289609909057617,0.535255491733551,1,0.5695391263608495,1.0,0.13907825272169894,5128.0,550e8400-e29b-41d4-a716-446655440001,2024-10-07 12:39:03.465,2024-10-07 12:39:04.717
bassinet,0.32401371002197266,0.966891884803772,1,0.41033923162289354,0.7250034993749751,0.09567496387081204,5112.0,550e8400-e29b-41d4-a716-446655440001,2024-10-07 12:39:04.944,2024-10-07 12:39:05.994
bassoon,0.17211270332336426,0.9973053932189941,1,0.4405015784880754,0.7008886192260965,0.18011453775005437,5128.0,550e8400-e29b-41d4-a716-446655440001,2024-10-07 12:39:06.888,2024-10-07 12:39:07.934
bath_towel,0.5642023086547852,0.5213248133659363,1,0.5257000011832139,1.0,0.051400002366427826,5128.0,550e8400-e29b-41d4-a716-446655440001,2024-10-07 12:39:08.329,2024-10-07 12:39:10.106
snorkel,0.22574782371520996,0.8019804358482361,0,0.5050803077195765,0.8728392473310477,0.13732136810810525,5136.0,550e8400-e29b-41d4-a716-446655440001,2024-10-07 12:39:10.549,2024-10-07 12:39:11.776
bathtub,1.4395740032196045,0.7889665365219116,1,0.45501912256364646,0.8885040968788052,0.02153414824848779,5126.545454545455,550e8400-e29b-41d4-a716-446655440001,2024-10-07 12:39:12.006,2024-10-07 12:39:14.272
shopping_cart,0.2532320022583008,0.4060908854007721,0,0.5612086934580636,1.0,0.12241738691612719,5152.0,550e8400-e29b-41d4-a716-446655440001,2024-10-07 12:39:14.467,2024-10-07 12:39:16.119
beacon,0.2886030673980713,0.9775123000144958,1,0.41124724093637305,0.7150805161118016,0.10741396576094454,5152.0,550e8400-e29b-41d4-a716-446655440001,2024-10-07 12:39:16.452,2024-10-07 12:39:18.086
beagle,0.16971373558044434,0.31176137924194336,1,0.5854379873874558,1.0,0.17087597477491148,5152.0,550e8400-e29b-41d4-a716-446655440001,2024-10-07 12:39:18.330,2024-10-07 12:39:19.930
beaker,0.22984957695007324,0.9456935524940491,1,0.4358875329979831,0.7412549214819893,0.13052014451397684,5128.0,550e8400-e29b-41d4-a716-446655440001,2024-10-07 12:39:20.415,2024-10-07 12:39:22.152
ski_mask,1.0382368564605713,0.19807827472686768,0,0.514447570327195,1.0,0.02889514065439007,5097.454545454545,550e8400-e29b-41d4-a716-446655440001,2024-10-07 12:39:22.238,2024-10-07 12:39:24.056
soft-coated_wheaten_terrier,0.627455472946167,0.42632946372032166,0,0.5231092095378759,1.0,0.04621841907575182,5152.0,550e8400-e29b-41d4-a716-446655440001,2024-10-07 12:39:24.279,2024-10-07 12:39:26.485
bedlington_terrier,0.1274101734161377,0.9984328150749207,1,0.464355044516337,0.7010987513941769,0.22761133763849722,5144.0,550e8400-e29b-41d4-a716-446655440001,2024-10-07 12:39:26.749,2024-10-07 12:39:28.380
bee,0.31792449951171875,0.9842612743377686,1,0.40485834674163296,0.7122092662556976,0.09750742722756833,5152.0,550e8400-e29b-41d4-a716-446655440001,2024-10-07 12:39:28.772,2024-10-07 12:39:30.260
bee_eater,0.5219693183898926,0.9999827146530151,1,0.3811592013157262,0.701012117237687,0.061306285393765494,5128.0,550e8400-e29b-41d4-a716-446655440001,2024-10-07 12:39:30.731,2024-10-07 12:39:32.174
beer_bottle,0.5598335266113281,0.8963866829872131,1,0.41669237667674075,0.779797394658496,0.053587358694985585,5144.0,550e8400-e29b-41d4-a716-446655440001,2024-10-07 12:39:32.311,2024-10-07 12:39:34.109
beer_bottle,0.37615394592285156,0.5682233572006226,0,0.5412065330378829,1.0,0.08241306607576579,5112.0,550e8400-e29b-41d4-a716-446655440001,2024-10-07 12:39:34.223,2024-10-07 12:39:36.219
crane,0.7421474456787109,0.42623937129974365,0,0.5202116170948782,1.0,0.04042323418975633,5144.0,550e8400-e29b-41d4-a716-446655440001,2024-10-07 12:39:36.537,2024-10-07 12:39:38.361
bell_pepper,0.6565835475921631,0.6473868489265442,1,0.5236070490295438,1.0,0.047214098059087606,5136.0,550e8400-e29b-41d4-a716-446655440001,2024-10-07 12:39:38.722,2024-10-07 12:39:40.521
bernese_mountain_dog,0.2982361316680908,0.8423944711685181,1,0.4663715719314223,0.8321517103829227,0.10059143347992194,5128.0,550e8400-e29b-41d4-a716-446655440001,2024-10-07 12:39:40.850,2024-10-07 12:39:42.643
packet,0.24463391304016113,0.5139093399047852,0,0.5613161103200662,1.0,0.12263222064013238,5128.0,550e8400-e29b-41d4-a716-446655440001,2024-10-07 12:39:43.040,2024-10-07 12:39:44.214
bicycle-built-for-two,0.1707167625427246,0.47020792961120605,1,0.5878648339892576,1.0,0.1757296679785151,5152.0,550e8400-e29b-41d4-a716-446655440001,2024-10-07 12:39:44.440,2024-10-07 12:39:45.958
bighorn,1.0895521640777588,0.8297849297523499,1,0.4340427932816801,0.8423869546638033,0.02569863189955695,5109.818181818182,550e8400-e29b-41d4-a716-446655440001,2024-10-07 12:39:46.196,2024-10-07 12:39:48.020
bikini,1.2711775302886963,0.817123293876648,1,0.4405253518453853,0.8566638660844139,0.024386837606356692,5120.0,550e8400-e29b-41d4-a716-446655440001,2024-10-07 12:39:48.883,2024-10-07 12:39:51.113
binder,0.3252229690551758,0.6891747117042542,1,0.5430473900434284,1.0,0.08609478008685682,5120.0,550e8400-e29b-41d4-a716-446655440001,2024-10-07 12:39:51.298,2024-10-07 12:39:52.396
binoculars,1.1226840019226074,0.19690418243408203,1,0.5138062001181598,1.0,0.027612400236319563,5125.818181818182,550e8400-e29b-41d4-a716-446655440001,2024-10-07 12:39:52.873,2024-10-07 12:39:55.117
birdhouse,1.3273305892944336,0.9986560344696045,1,0.3620246171031072,0.6999406961689721,0.024108538037242232,5112.0,550e8400-e29b-41d4-a716-446655440001,2024-10-07 12:39:55.332,2024-10-07 12:39:57.706
bison,0.634873628616333,0.5162738561630249,1,0.5236267492047064,1.0,0.04725349840941276,5128.0,550e8400-e29b-41d4-a716-446655440001,2024-10-07 12:39:57.910,2024-10-07 12:39:59.563
bittern,0.3831310272216797,0.9467236995697021,1,0.4106803078770635,0.7404483486772468,0.08091226707688019,5128.0,550e8400-e29b-41d4-a716-446655440001,2024-10-07 12:39:59.975,2024-10-07 12:40:01.243
black-and-tan_coonhound,0.22118210792541504,0.8375657796859741,1,0.4862920148831583,0.8369491889494621,0.13563484081685448,5128.0,550e8400-e29b-41d4-a716-446655440001,2024-10-07 12:40:01.529,2024-10-07 12:40:03.189
black-footed_ferret,0.31409597396850586,0.3596579432487488,1,0.5477561040037529,1.0,0.09551220800750561,5128.0,550e8400-e29b-41d4-a716-446655440001,2024-10-07 12:40:03.427,2024-10-07 12:40:04.853
black_and_gold_garden_spider,0.9050185680389404,0.6911110281944275,1,0.5165742455787433,1.0,0.033148491157486595,5118.222222222223,550e8400-e29b-41d4-a716-446655440001,2024-10-07 12:40:05.051,2024-10-07 12:40:06.818
black_grouse,2.0591700077056885,0.7363665699958801,1,0.4821550434013691,0.9492554774776247,0.015054609325113454,5113.411764705882,550e8400-e29b-41d4-a716-446655440001,2024-10-07 12:40:07.068,2024-10-07 12:40:09.867
black_stork,0.9436392784118652,0.9093306660652161,1,0.4013642408317091,0.7719963993270336,0.03073208233638461,5112.0,550e8400-e29b-41d4-a716-446655440001,2024-10-07 12:40:10.068,2024-10-07 12:40:11.739
black_swan,0.4802532196044922,0.9995860457420349,1,0.3818379707852373,0.7032911303580007,0.06038481121247384,5120.0,550e8400-e29b-41d4-a716-446655440001,2024-10-07 12:40:11.901,2024-10-07 12:40:13.250
black_widow,0.49694252014160156,0.8942405581474304,1,0.42202516137020296,0.7816688626247236,0.062381460115682366,5104.0,550e8400-e29b-41d4-a716-446655440001,2024-10-07 12:40:13.436,2024-10-07 12:40:14.629
blenheim_spaniel,0.5621647834777832,0.998867392539978,1,0.37568944411357663,0.6997925903082511,0.05158629791890207,5128.0,550e8400-e29b-41d4-a716-446655440001,2024-10-07 12:40:15.084,2024-10-07 12:40:17.042
bloodhound,1.1268744468688965,0.9923946857452393,1,0.36599341403528557,0.7053645188298592,0.026622309240711958,5125.333333333333,550e8400-e29b-41d4-a716-446655440001,2024-10-07 12:40:17.215,2024-10-07 12:40:19.296
bluetick,0.24192190170288086,0.8486930727958679,1,0.473813134074379,0.8236193064440471,0.12400696170471097,5152.0,550e8400-e29b-41d4-a716-446655440001,2024-10-07 12:40:19.486,2024-10-07 12:40:21.303
spider_monkey,0.13655447959899902,0.16615277528762817,0,0.6135078105494359,1.0,0.22701562109887194,5112.0,550e8400-e29b-41d4-a716-446655440001,2024-10-07 12:40:21.649,2024-10-07 12:40:23.396
boathouse,0.2157127857208252,0.6080543398857117,1,0.569536907373738,1.0,0.13907381474747585,5128.0,550e8400-e29b-41d4-a716-446655440001,2024-10-07 12:40:23.584,2024-10-07 12:40:25.184
bobsled,0.15459537506103516,0.18614886701107025,1,0.597027482187471,1.0,0.19405496437494216,5120.0,550e8400-e29b-41d4-a716-446655440001,2024-10-07 12:40:25.289,2024-10-07 12:40:26.335
bolete,0.28755903244018555,0.9893462061882019,1,0.4064375684099985,0.7085487320973763,0.10432640472262066,5136.0,550e8400-e29b-41d4-a716-446655440001,2024-10-07 12:40:26.627,2024-10-07 12:40:28.251
bassoon,0.5090212821960449,0.29438865184783936,0,0.5304505932112095,1.0,0.06090118642241884,5144.0,550e8400-e29b-41d4-a716-446655440001,2024-10-07 12:40:29.238,2024-10-07 12:40:31.328
bonnet,0.5199332237243652,0.523546040058136,1,0.528849858627138,1.0,0.057699717254275806,5128.0,550e8400-e29b-41d4-a716-446655440001,2024-10-07 12:40:31.580,2024-10-07 12:40:33.358
book_jacket,0.701857328414917,0.8828617334365845,1,0.41709753749721884,0.792876136193166,0.04131893880127169,5124.0,550e8400-e29b-41d4-a716-446655440001,2024-10-07 12:40:33.877,2024-10-07 12:40:36.143
bookcase,1.0571329593658447,0.9825881719589233,1,0.3703555694953232,0.7113865401070809,0.029324598883565554,5128.0,550e8400-e29b-41d4-a716-446655440001,2024-10-07 12:40:36.620,2024-10-07 12:40:38.905
bookshop,1.2608325481414795,0.42507174611091614,1,0.5115003376311736,1.0,0.02300067526234727,5112.0,550e8400-e29b-41d4-a716-446655440001,2024-10-07 12:40:39.087,2024-10-07 12:40:41.037
border_collie,0.8974704742431641,0.6784588098526001,1,0.516713641763702,1.0,0.033427283527404025,5144.0,550e8400-e29b-41d4-a716-446655440001,2024-10-07 12:40:41.299,2024-10-07 12:40:44.685
border_terrier,0.45075082778930664,0.9920656085014343,1,0.38496779614802057,0.7055984946977304,0.06433709759831079,5120.0,550e8400-e29b-41d4-a716-446655440001,2024-10-07 12:40:44.904,2024-10-07 12:40:46.315
marmot,0.9716982841491699,0.2610536217689514,0,0.515436890488218,1.0,0.03087378097643585,5108.8,550e8400-e29b-41d4-a716-446655440001,2024-10-07 12:40:46.561,2024-10-07 12:40:49.307
boston_bull,0.9556851387023926,0.628835916519165,1,0.5156955459413826,1.0,0.03139109188276519,5126.4,550e8400-e29b-41d4-a716-446655440001,2024-10-07 12:40:49.547,2024-10-07 12:40:51.905
hermit_crab,0.47735166549682617,0.4339444935321808,0,0.5324708199852359,1.0,0.06494163997047186,5128.0,550e8400-e29b-41d4-a716-446655440001,2024-10-07 12:40:52.221,2024-10-07 12:40:53.380
miniature_schnauzer,0.228668212890625,0.8264318704605103,0,0.48910460866513567,0.8470147691786631,0.13119444815160816,5128.0,550e8400-e29b-41d4-a716-446655440001,2024-10-07 12:40:53.698,2024-10-07 12:40:55.418
notebook,0.5057399272918701,0.15740923583507538,0,0.5286708626658062,1.0,0.05734172533161232,5128.0,550e8400-e29b-41d4-a716-446655440001,2024-10-07 12:40:55.714,2024-10-07 12:40:57.415
siamese_cat,0.5074822902679443,0.24190007150173187,0,0.5285724256354722,1.0,0.057144851270944576,5128.0,550e8400-e29b-41d4-a716-446655440001,2024-10-07 12:40:57.881,2024-10-07 12:40:59.424
box_turtle,1.1164255142211914,0.9340099096298218,1,0.3870934431393567,0.7473154115427317,0.026871474735981588,5110.0,550e8400-e29b-41d4-a716-446655440001,2024-10-07 12:40:59.689,2024-10-07 12:41:02.442
boxer,0.185105562210083,0.7903597950935364,1,0.5245037560709156,0.8869378280015356,0.16206968414029566,5128.0,550e8400-e29b-41d4-a716-446655440001,2024-10-07 12:41:02.731,2024-10-07 12:41:03.999
brabancon_griffon,0.532860279083252,0.2098308652639389,1,0.528149968366579,1.0,0.056299936733157994,5136.0,550e8400-e29b-41d4-a716-446655440001,2024-10-07 12:41:04.330,2024-10-07 12:41:06.423
coral_reef,0.17538928985595703,0.9014266729354858,0,0.4732427609984553,0.7754374493087877,0.17104807268812292,5144.0,550e8400-e29b-41d4-a716-446655440001,2024-10-07 12:41:07.270,2024-10-07 12:41:09.053
brambling,0.3546898365020752,0.9738024473190308,1,0.40119283388755994,0.7178047271542728,0.08458094062084713,5112.0,550e8400-e29b-41d4-a716-446655440001,2024-10-07 12:41:09.264,2024-10-07 12:41:10.449
brass,0.9335355758666992,0.946422278881073,1,0.38641732460753175,0.739627559092955,0.03320709012210857,5126.4,550e8400-e29b-41d4-a716-446655440001,2024-10-07 12:41:10.723,2024-10-07 12:41:12.896
brassiere,1.0966603755950928,0.9076384902000427,1,0.39984485382650425,0.7723339276251938,0.027355780027814695,5121.6,550e8400-e29b-41d4-a716-446655440001,2024-10-07 12:41:13.128,2024-10-07 12:41:15.370
breakwater,0.47921085357666016,0.4723237156867981,1,0.5323448433697056,1.0,0.06468968673941121,5120.0,550e8400-e29b-41d4-a716-446655440001,2024-10-07 12:41:15.582,2024-10-07 12:41:17.399
cuirass,0.6254510879516602,0.6429300308227539,0,0.5247821137393208,1.0,0.04956422747864166,5128.0,550e8400-e29b-41d4-a716-446655440001,2024-10-07 12:41:17.673,2024-10-07 12:41:20.009
briard,1.0514299869537354,0.5313519835472107,1,0.5142662851413045,1.0,0.028532570282608888,5107.636363636364,550e8400-e29b-41d4-a716-446655440001,2024-10-07 12:41:20.339,2024-10-07 12:41:22.291
brittany_spaniel,0.7326157093048096,0.34551429748535156,1,0.5211570674818156,1.0,0.042314134963631046,5128.0,550e8400-e29b-41d4-a716-446655440001,2024-10-07 12:41:22.670,2024-10-07 12:41:24.660
broccoli,0.15908312797546387,0.976109504699707,1,0.4460583938224402,0.7161081790869788,0.1760086085579017,5128.0,550e8400-e29b-41d4-a716-446655440001,2024-10-07 12:41:24.879,2024-10-07 12:41:26.805
broom,0.19085049629211426,0.9361791610717773,1,0.45560955181894786,0.7487882973142295,0.16243080632366627,5128.0,550e8400-e29b-41d4-a716-446655440001,2024-10-07 12:41:26.981,2024-10-07 12:41:28.518
brown_bear,0.5240364074707031,0.2732815444469452,1,0.529578097588318,1.0,0.059156195176635874,5144.0,550e8400-e29b-41d4-a716-446655440001,2024-10-07 12:41:28.753,2024-10-07 12:41:31.474
pinwheel,0.9548594951629639,0.1627434641122818,0,0.5167563919938496,1.0,0.03351278398769929,5101.6,550e8400-e29b-41d4-a716-446655440001,2024-10-07 12:41:31.619,2024-10-07 12:41:34.467
bucket,0.7159476280212402,0.24423068761825562,1,0.5202528780493003,1.0,0.040505756098600625,5128.0,550e8400-e29b-41d4-a716-446655440001,2024-10-07 12:41:34.786,2024-10-07 12:41:36.780
buckeye,1.074263572692871,0.9558671712875366,1,0.3806458006022598,0.7333654937178824,0.027926107486637188,5114.909090909091,550e8400-e29b-41d4-a716-446655440001,2024-10-07 12:41:36.976,2024-10-07 12:41:39.536
buckle,0.17199254035949707,0.6524879932403564,1,0.5872130847573224,1.0,0.17442616951464465,5128.0,550e8400-e29b-41d4-a716-446655440001,2024-10-07 12:41:39.686,2024-10-07 12:41:41.200
bulbul,1.3802547454833984,0.9654954671859741,1,0.3738936031350455,0.7260520880984862,0.02173511817160482,5092.307692307692,550e8400-e29b-41d4-a716-446655440001,2024-10-07 12:41:41.334,2024-10-07 12:41:43.512
bull_mastiff,0.36480283737182617,0.9795053005218506,1,0.3998119368772993,0.7146464645235318,0.08497740923106685,5128.0,550e8400-e29b-41d4-a716-446655440001,2024-10-07 12:41:44.469,2024-10-07 12:41:45.910
bullet_train,0.47005605697631836,0.9688047170639038,1,0.3947608076635136,0.7235720343357503,0.06594958099127694,5120.0,550e8400-e29b-41d4-a716-446655440001,2024-10-07 12:41:46.035,2024-10-07 12:41:47.807
bulletproof_vest,0.28779053688049316,0.43434029817581177,1,0.5521212412423027,1.0,0.10424248248460542,5144.0,550e8400-e29b-41d4-a716-446655440001,2024-10-07 12:41:48.035,2024-10-07 12:41:50.539
american_alligator,0.42471981048583984,0.7313925623893738,0,0.5138565853450193,0.9570783680287669,0.07063480266127167,5128.0,550e8400-e29b-41d4-a716-446655440001,2024-10-07 12:41:50.859,2024-10-07 12:41:52.575
burrito,0.48236799240112305,0.4997267425060272,1,0.5300600376236038,1.0,0.06012007524720764,5120.0,550e8400-e29b-41d4-a716-446655440001,2024-10-07 12:41:52.915,2024-10-07 12:41:54.507
bustard,0.5306077003479004,0.8166805505752563,1,0.45744585005826977,0.8583527543373319,0.05653894577920765,5144.0,550e8400-e29b-41d4-a716-446655440001,2024-10-07 12:41:54.660,2024-10-07 12:41:57.545
butcher_shop,0.3780825138092041,0.9991461038589478,1,0.39079503364633184,0.699597383506066,0.08199268378659762,5120.0,550e8400-e29b-41d4-a716-446655440001,2024-10-07 12:41:57.708,2024-10-07 12:41:59.507
bustard,0.5306077003479004,0.8166805505752563,1,0.45744585005826977,0.8583527543373319,0.05653894577920765,5144.0,550e8400-e29b-41d4-a716-446655440001,2024-10-07 12:41:54.660,2024-10-07 12:41:57.545
butcher_shop,0.3780825138092041,0.9991461038589478,1,0.39079503364633184,0.699597383506066,0.08199268378659762,5120.0,550e8400-e29b-41d4-a716-446655440001,2024-10-07 12:41:57.708,2024-10-07 12:41:59.507
butternut_squash,0.5174920558929443,0.6401290893554688,1,0.5289859522077439,1.0,0.057971904415487725,5128.0,550e8400-e29b-41d4-a716-446655440001,2024-10-07 12:41:59.743,2024-10-07 12:42:02.267
street_sign,0.2335348129272461,0.574977457523346,0,0.5685122693248502,1.0,0.13702453864970046,5152.0,550e8400-e29b-41d4-a716-446655440001,2024-10-07 12:42:03.516,2024-10-07 12:42:05.624
cabbage_butterfly,0.6292243003845215,0.5483040809631348,1,0.5214549882955094,1.0,0.0429099765910188,5104.0,550e8400-e29b-41d4-a716-446655440001,2024-10-07 12:42:06.833,2024-10-07 12:42:09.605
wire-haired_fox_terrier,0.9337596893310547,0.0856543481349945,0,0.5165995600121742,1.0,0.033199120024348446,5117.333333333333,550e8400-e29b-41d4-a716-446655440001,2024-10-07 12:42:10.694,2024-10-07 12:42:12.479
caldron,1.0042476654052734,0.18531037867069244,1,0.5144386693636459,1.0,0.028877338727291722,5104.0,550e8400-e29b-41d4-a716-446655440001,2024-10-07 12:42:13.785,2024-10-07 12:42:15.668
can_opener,0.20370984077453613,0.4551582634449005,1,0.573634145228172,1.0,0.14726829045634413,5128.0,550e8400-e29b-41d4-a716-446655440001,2024-10-07 12:42:16.819,2024-10-07 12:42:18.672
candle,0.21667218208312988,0.9625021815299988,1,0.4392679677539034,0.7262321202107467,0.15230381529706016,5144.0,550e8400-e29b-41d4-a716-446655440001,2024-10-07 12:42:19.831,2024-10-07 12:42:21.686
cannon,0.524500846862793,0.32651495933532715,1,0.527645331912673,1.0,0.05529066382534606,5136.0,550e8400-e29b-41d4-a716-446655440001,2024-10-07 12:42:22.791,2024-10-07 12:42:24.948
paddle,0.27286767959594727,0.36466023325920105,0,0.556804089157616,1.0,0.11360817831523211,5128.0,550e8400-e29b-41d4-a716-446655440001,2024-10-07 12:42:26.088,2024-10-07 12:42:27.729
capuchin,0.45996594429016113,0.9812653660774231,1,0.38660980238037607,0.7123455327830739,0.060874071977678225,5152.0,550e8400-e29b-41d4-a716-446655440001,2024-10-07 12:42:28.994,2024-10-07 12:42:30.909
car_mirror,1.0621836185455322,0.817908763885498,1,0.4404896692097306,0.8546185477697796,0.02636079064968157,5120.0,550e8400-e29b-41d4-a716-446655440001,2024-10-07 12:42:32.200,2024-10-07 12:42:34.479
car_wheel,0.8572914600372314,0.900725781917572,1,0.40662760657003844,0.7782612800397785,0.03499393310029838,5122.666666666667,550e8400-e29b-41d4-a716-446655440001,2024-10-07 12:42:36.091,2024-10-07 12:42:38.422
carbonara,0.25727176666259766,0.9113786816596985,1,0.4398455755072323,0.7669698820769663,0.11272126893749838,5136.0,550e8400-e29b-41d4-a716-446655440001,2024-10-07 12:42:39.559,2024-10-07 12:42:41.407
flat-coated_retriever,0.5424556732177734,0.20289753377437592,0,0.5285737632866039,1.0,0.057147526573207735,5152.0,550e8400-e29b-41d4-a716-446655440001,2024-10-07 12:42:42.555,2024-10-07 12:42:45.650
cardoon,0.18004488945007324,0.9999531507492065,1,0.43332895436801594,0.700032796012024,0.16662511272400793,5120.0,550e8400-e29b-41d4-a716-446655440001,2024-10-07 12:42:47.012,2024-10-07 12:42:48.364
carousel,0.4309563636779785,0.9999403953552246,1,0.3859873813067371,0.7000417257383905,0.07193303687508368,5120.0,550e8400-e29b-41d4-a716-446655440001,2024-10-07 12:42:49.570,2024-10-07 12:42:51.678
ladle,1.7167398929595947,0.09740538895130157,0,0.5081549919457307,1.0,0.016309983891461308,5128.0,550e8400-e29b-41d4-a716-446655440001,2024-10-07 12:42:52.801,2024-10-07 12:42:56.167
packet,0.9042577743530273,0.4784647226333618,0,0.5165881902544129,1.0,0.03317638050882583,5128.0,550e8400-e29b-41d4-a716-446655440001,2024-10-07 12:42:57.294,2024-10-07 12:42:59.313
cash_machine,0.19704556465148926,0.9999819993972778,1,0.42663083426163523,0.7010126186496515,0.15224904987361898,5120.0,550e8400-e29b-41d4-a716-446655440001,2024-10-07 12:43:00.910,2024-10-07 12:43:02.697
tape_player,0.9822032451629639,0.4080619513988495,0,0.5152717882717963,1.0,0.030543576543592563,5120.0,550e8400-e29b-41d4-a716-446655440001,2024-10-07 12:43:03.822,2024-10-07 12:43:05.659
switch,0.4068307876586914,0.7293227314949036,0,0.5200533674901636,0.9639079787888285,0.07619875619149868,5120.0,550e8400-e29b-41d4-a716-446655440001,2024-10-07 12:43:06.880,2024-10-07 12:43:08.747
castle,1.4628939628601074,0.4122418463230133,1,0.5102536481664559,1.0,0.020507296332911873,5123.2,550e8400-e29b-41d4-a716-446655440001,2024-10-07 12:43:09.913,2024-10-07 12:43:12.922
catamaran,0.42223620414733887,0.7683951258659363,1,0.48853437487784074,0.9083868136375733,0.06868193611810816,5128.0,550e8400-e29b-41d4-a716-446655440001,2024-10-07 12:43:14.092,2024-10-07 12:43:15.767
mashed_potato,0.7129857540130615,0.47500061988830566,0,0.5210382885149837,1.0,0.042076577029967435,5104.0,550e8400-e29b-41d4-a716-446655440001,2024-10-07 12:43:16.920,2024-10-07 12:43:19.762
passenger_car,0.49227166175842285,0.26164481043815613,0,0.5314866794172817,1.0,0.06297335883456344,5128.0,550e8400-e29b-41d4-a716-446655440001,2024-10-07 12:43:20.922,2024-10-07 12:43:22.735
cello,0.2075824737548828,0.6669938564300537,1,0.5722604357134325,1.0,0.144520871426865,5144.0,550e8400-e29b-41d4-a716-446655440001,2024-10-07 12:43:24.599,2024-10-07 12:43:26.543
computer_keyboard,0.19403290748596191,0.1361784040927887,0,0.5721527094625064,1.0,0.14430541892501286,5120.0,550e8400-e29b-41d4-a716-446655440001,2024-10-07 12:43:27.726,2024-10-07 12:43:29.503
isopod,1.10567045211792,0.4939998686313629,0,0.5140186435934049,1.0,0.02803728718680984,5119.272727272727,550e8400-e29b-41d4-a716-446655440001,2024-10-07 12:43:30.691,2024-10-07 12:43:33.391
chain,2.6755130290985107,0.9255324006080627,1,0.3844942321346876,0.7574019013699057,0.011586562899469476,5109.714285714285,550e8400-e29b-41d4-a716-446655440001,2024-10-07 12:43:34.535,2024-10-07 12:43:38.464
miniskirt,0.21433782577514648,0.2859067916870117,0,0.5676502150171636,1.0,0.13530043003432712,5112.0,550e8400-e29b-41d4-a716-446655440001,2024-10-07 12:43:39.602,2024-10-07 12:43:41.430
chain_saw,1.0518853664398193,0.8523423075675964,1,0.42441791426671316,0.821266284431722,0.027569544101704313,5104.0,550e8400-e29b-41d4-a716-446655440001,2024-10-07 12:43:42.568,2024-10-07 12:43:44.568
beacon,0.8261728286743164,0.225013867020607,0,0.5181560074107849,1.0,0.03631201482156977,5152.0,550e8400-e29b-41d4-a716-446655440001,2024-10-07 12:43:45.715,2024-10-07 12:43:49.072
chambered_nautilus,0.17908382415771484,0.9987431168556213,1,0.4314081328405733,0.7008809254213786,0.16193534025976794,5120.0,550e8400-e29b-41d4-a716-446655440001,2024-10-07 12:43:50.259,2024-10-07 12:43:51.564
pineapple,0.19222593307495117,0.6717981696128845,0,0.5728309639394037,1.0,0.1456619278788074,5128.0,550e8400-e29b-41d4-a716-446655440001,2024-10-07 12:43:52.733,2024-10-07 12:43:54.523
cheetah,0.5451197624206543,0.972461462020874,1,0.3874283237245677,0.719822869427986,0.05503377802114942,5128.0,550e8400-e29b-41d4-a716-446655440001,2024-10-07 12:43:55.665,2024-10-07 12:43:57.096
bloodhound,0.45770716667175293,0.31148794293403625,0,0.5349568483192978,1.0,0.0699136966385955,5128.0,550e8400-e29b-41d4-a716-446655440001,2024-10-07 12:43:58.763,2024-10-07 12:44:00.846
steel_drum,0.2562856674194336,0.1370597630739212,0,0.5565774908366978,1.0,0.11315498167339573,5152.0,550e8400-e29b-41d4-a716-446655440001,2024-10-07 12:44:02.106,2024-10-07 12:44:03.938
chickadee,0.47525811195373535,0.9998964071273804,1,0.38265011804857446,0.7000725225236503,0.06522771357349864,5144.0,550e8400-e29b-41d4-a716-446655440001,2024-10-07 12:44:05.198,2024-10-07 12:44:07.811
chiffonier,0.971487283706665,0.9999924898147583,1,0.36645755039159367,0.7010052646793931,0.0319098361037943,5120.0,550e8400-e29b-41d4-a716-446655440001,2024-10-07 12:44:08.968,2024-10-07 12:44:11.817
boston_bull,0.5188071727752686,0.3704667091369629,0,0.5289124761320475,1.0,0.057824952264095016,5128.0,550e8400-e29b-41d4-a716-446655440001,2024-10-07 12:44:12.999,2024-10-07 12:44:14.979
chime,1.2654521465301514,0.48148009181022644,1,0.5118534707465073,1.0,0.02370694149301457,5117.538461538462,550e8400-e29b-41d4-a716-446655440001,2024-10-07 12:44:16.184,2024-10-07 12:44:18.843
otter,1.0029265880584717,0.1288016438484192,0,0.5154547702539284,1.0,0.03090954050785686,5116.0,550e8400-e29b-41d4-a716-446655440001,2024-10-07 12:44:20.063,2024-10-07 12:44:22.872
abacus,6.758767366409302,0.9999991655349731,1,0.3019798104840236,0.6010005015138996,0.0029591194541476436,5096.406779661017,550e8400-e29b-41d4-a716-446655440002,2024-10-07 12:44:41.132,2024-10-07 12:44:49.964
abaya,5.285990238189697,0.9910829067230225,1,0.30408649143928446,0.6043893966253242,0.0037835862532446594,5095.822222222222,550e8400-e29b-41d4-a716-446655440002,2024-10-07 12:44:51.030,2024-10-07 12:44:57.914
crutch,5.9920642375946045,0.3362220823764801,0,0.5015019865680901,1.0,0.0030039731361801527,5085.224489795918,550e8400-e29b-41d4-a716-446655440002,2024-10-07 12:44:59.103,2024-10-07 12:45:06.838
accordion,5.493093729019165,0.9362442493438721,1,0.32224967221604783,0.640858408925326,0.0036409355067697265,5099.591836734694,550e8400-e29b-41d4-a716-446655440002,2024-10-07 12:45:07.193,2024-10-07 12:45:15.100
acorn,3.1252341270446777,0.9985849857330322,1,0.3032841455866531,0.5998487946023858,0.0067194965709203615,5095.225806451613,550e8400-e29b-41d4-a716-446655440002,2024-10-07 12:45:15.417,2024-10-07 12:45:19.812
acorn_squash,5.526376962661743,0.9703275561332703,1,0.310468160443179,0.6173173133276758,0.003619007558682195,5102.468085106383,550e8400-e29b-41d4-a716-446655440002,2024-10-07 12:45:20.101,2024-10-07 12:45:28.334
acoustic_guitar,4.927821636199951,0.5296401381492615,1,0.5020292942274005,1.0,0.0040585884548010615,5090.666666666667,550e8400-e29b-41d4-a716-446655440002,2024-10-07 12:45:28.722,2024-10-07 12:45:35.067
admiral,5.247067213058472,0.9967917799949646,1,0.3029666816190684,0.6019311274848503,0.004002235753286506,5096.0,550e8400-e29b-41d4-a716-446655440002,2024-10-07 12:45:35.279,2024-10-07 12:45:42.242
affenpinscher,5.896461009979248,0.9290319085121155,1,0.3256891099828249,0.6479863549187765,0.003391865046873326,5098.448979591837,550e8400-e29b-41d4-a716-446655440002,2024-10-07 12:45:42.447,2024-10-07 12:45:50.468
afghan_hound,5.64808988571167,0.9891274571418762,1,0.30557362242621133,0.6076062247191214,0.0035410201333012183,5093.0,550e8400-e29b-41d4-a716-446655440002,2024-10-07 12:45:50.697,2024-10-07 12:45:57.431
african_chameleon,6.2205259799957275,0.9832749962806702,1,0.3071385530272224,0.6112227019636813,0.0030544040907635674,5093.076923076923,550e8400-e29b-41d4-a716-446655440002,2024-10-07 12:45:57.936,2024-10-07 12:46:05.341
african_crocodile,5.8435893058776855,0.899520218372345,1,0.33458098629034033,0.6659105462730706,0.0032514263076101426,5098.6122448979595,550e8400-e29b-41d4-a716-446655440002,2024-10-07 12:46:05.806,2024-10-07 12:46:13.522
african_elephant,4.307103633880615,0.6354507803916931,1,0.47285386136261703,0.9410642310194215,0.004643491705812613,5108.108108108108,550e8400-e29b-41d4-a716-446655440002,2024-10-07 12:46:13.949,2024-10-07 12:46:19.950
african_grey,5.972869873046875,0.9998338222503662,1,0.3007239324493364,0.5980993908108223,0.003348474087850439,5095.538461538462,550e8400-e29b-41d4-a716-446655440002,2024-10-07 12:46:20.176,2024-10-07 12:46:27.253
african_hunting_dog,5.9870734214782715,0.9813340306282043,1,0.30788608015997615,0.61243163004881,0.0033405302711423555,5098.666666666667,550e8400-e29b-41d4-a716-446655440002,2024-10-07 12:46:27.678,2024-10-07 12:46:35.276
agama,5.024527311325073,0.9920950531959534,1,0.30438061683456,0.6047807597338066,0.003980473935313446,5091.272727272727,550e8400-e29b-41d4-a716-446655440002,2024-10-07 12:46:35.671,2024-10-07 12:46:42.240
agaric,4.19734525680542,0.9489671587944031,1,0.31798874373806574,0.6312125708975934,0.004764916578538004,5091.512195121952,550e8400-e29b-41d4-a716-446655440002,2024-10-07 12:46:42.537,2024-10-07 12:46:49.002
aircraft_carrier,6.463699817657471,0.9756097793579102,1,0.30912444929505145,0.6149999853372577,0.0032489132528451294,5094.836363636364,550e8400-e29b-41d4-a716-446655440002,2024-10-07 12:46:49.190,2024-10-07 12:46:58.203
airedale,4.791753768920898,0.8814886212348938,1,0.3424202964346481,0.6806667556972531,0.004173837172043169,5096.615384615385,550e8400-e29b-41d4-a716-446655440002,2024-10-07 12:46:58.570,2024-10-07 12:47:04.784
airliner,8.602245092391968,0.954728901386261,1,0.3148641040527897,0.6274032336616765,0.002324974443902846,5096.477611940299,550e8400-e29b-41d4-a716-446655440002,2024-10-07 12:47:05.050,2024-10-07 12:47:14.533
airship,5.3098464012146,0.9967635869979858,1,0.3025440759664384,0.6009449059069715,0.00414324602590531,5093.04347826087,550e8400-e29b-41d4-a716-446655440002,2024-10-07 12:47:14.772,2024-10-07 12:47:21.289
albatross,6.381558418273926,0.526141345500946,1,0.5014103138152317,1.0,0.0028206276304634397,5092.8,550e8400-e29b-41d4-a716-446655440002,2024-10-07 12:47:21.599,2024-10-07 12:47:30.068
green_lizard,5.151173114776611,0.691490888595581,0,0.4355923706905108,0.8676903917253354,0.003494349655686265,5102.048780487805,550e8400-e29b-41d4-a716-446655440002,2024-10-07 12:47:30.467,2024-10-07 12:47:38.355
alp,6.185439825057983,0.43158090114593506,1,0.5016975349040602,1.0,0.0033950698081204184,5097.811320754717,550e8400-e29b-41d4-a716-446655440002,2024-10-07 12:47:39.231,2024-10-07 12:47:46.664
hamper,4.83337926864624,0.38345956802368164,0,0.5018620512688466,1.0,0.003724102537693372,5096.820512820513,550e8400-e29b-41d4-a716-446655440002,2024-10-07 12:47:46.870,2024-10-07 12:47:52.936
ambulance,4.494796991348267,0.9385208487510681,1,0.3220992033507815,0.6393038586180019,0.004894548083561131,5096.0,550e8400-e29b-41d4-a716-446655440002,2024-10-07 12:47:53.131,2024-10-07 12:47:59.525
american_alligator,6.059286832809448,0.8773046135902405,1,0.34303691455805974,0.6827731106401917,0.0033007184759277688,5098.7692307692305,550e8400-e29b-41d4-a716-446655440002,2024-10-07 12:47:59.799,2024-10-07 12:48:07.020
american_black_bear,4.791604280471802,0.9915273785591125,1,0.30393751886282483,0.6041184670769926,0.00375657064865708,5097.565217391304,550e8400-e29b-41d4-a716-446655440002,2024-10-07 12:48:07.312,2024-10-07 12:48:13.687
green_lizard,4.692217588424683,0.48562371730804443,0,0.5019180696185536,1.0,0.0038361392371071045,5102.153846153846,550e8400-e29b-41d4-a716-446655440002,2024-10-07 12:48:14.833,2024-10-07 12:48:20.847
american_coot,8.018831968307495,0.4184994101524353,1,0.5012470644153066,1.0,0.002494128830613385,5097.159420289855,550e8400-e29b-41d4-a716-446655440002,2024-10-07 12:48:21.198,2024-10-07 12:48:30.203
american_egret,3.5208756923675537,0.7662758827209473,1,0.3949966135111708,0.7843128219903335,0.005680405032008198,5089.64705882353,550e8400-e29b-41d4-a716-446655440002,2024-10-07 12:48:30.509,2024-10-07 12:48:36.545
american_lobster,6.7753746509552,0.9984691739082336,1,0.301935885076422,0.6009199038679027,0.002951866284941214,5094.3448275862065,550e8400-e29b-41d4-a716-446655440002,2024-10-07 12:48:37.535,2024-10-07 12:48:46.150
american_staffordshire_terrier,5.361187219619751,0.40442079305648804,1,0.5018652584941269,1.0,0.0037305169882536813,5091.3488372093025,550e8400-e29b-41d4-a716-446655440002,2024-10-07 12:48:46.449,2024-10-07 12:48:53.622
amphibian,5.440004587173462,0.36621516942977905,1,0.5019301454312662,1.0,0.00386029086253239,5096.173913043478,550e8400-e29b-41d4-a716-446655440002,2024-10-07 12:48:53.897,2024-10-07 12:49:01.385
analog_clock,5.390634298324585,0.9652930498123169,1,0.3126415190973207,0.6215728996667476,0.0037101385278938367,5089.191489361702,550e8400-e29b-41d4-a716-446655440002,2024-10-07 12:49:01.689,2024-10-07 12:49:09.556
anemone_fish,3.8343088626861572,0.990423321723938,1,0.3053784136992581,0.6058015667034533,0.004955260695062888,5093.8378378378375,550e8400-e29b-41d4-a716-446655440002,2024-10-07 12:49:09.878,2024-10-07 12:49:16.463
angora,3.705198049545288,0.9999126195907593,1,0.303360116721897,0.6010525202151915,0.005667713228602498,5104.685714285714,550e8400-e29b-41d4-a716-446655440002,2024-10-07 12:49:16.782,2024-10-07 12:49:23.800
ant,6.273936748504639,0.9002358317375183,1,0.33531562193843484,0.6676028422908116,0.0030284015860581564,5099.054545454545,550e8400-e29b-41d4-a716-446655440002,2024-10-07 12:49:24.835,2024-10-07 12:49:32.556
apiary,8.085151672363281,0.9941033720970154,1,0.3035192822892542,0.6045648942244488,0.002473670354059545,5094.87323943662,550e8400-e29b-41d4-a716-446655440002,2024-10-07 12:49:32.850,2024-10-07 12:49:43.696
appenzeller,5.442539215087891,0.9809799790382385,1,0.30714432214983006,0.6106138889677085,0.003674755331951618,5091.574468085107,550e8400-e29b-41d4-a716-446655440002,2024-10-07 12:49:44.356,2024-10-07 12:49:52.424
apron,5.769295692443848,0.9882909655570984,1,0.30469505233902294,0.606096808405351,0.0032932962726948886,5091.234042553191,550e8400-e29b-41d4-a716-446655440002,2024-10-07 12:49:53.447,2024-10-07 12:50:01.065
arabian_camel,5.754939556121826,0.9825195074081421,1,0.3080928782237304,0.6127104810245025,0.003475275422958173,5100.32,550e8400-e29b-41d4-a716-446655440002,2024-10-07 12:50:01.215,2024-10-07 12:50:08.242
arctic_fox,4.866273880004883,0.7097047567367554,1,0.42486869793230353,0.8454219790759452,0.004315416788661909,5086.5641025641025,550e8400-e29b-41d4-a716-446655440002,2024-10-07 12:50:08.589,2024-10-07 12:50:15.504
armadillo,6.543352842330933,0.9976796507835388,1,0.30280356852017576,0.602397773201045,0.003209363839306454,5087.3725490196075,550e8400-e29b-41d4-a716-446655440002,2024-10-07 12:50:15.859,2024-10-07 12:50:24.746
artichoke,5.1616222858428955,0.9999792575836182,1,0.302346739847927,0.6010124664508297,0.0036810132450242413,5105.636363636364,550e8400-e29b-41d4-a716-446655440002,2024-10-07 12:50:25.063,2024-10-07 12:50:31.841
ashcan,5.233885049819946,0.8923384547233582,1,0.33754560726803823,0.671269961335132,0.003821253200944494,5087.627906976744,550e8400-e29b-41d4-a716-446655440002,2024-10-07 12:50:31.976,2024-10-07 12:50:39.593
assault_rifle,5.195286750793457,0.8723267316818237,1,0.3452594794710912,0.6866693158022834,0.003849643139898962,5095.627906976744,550e8400-e29b-41d4-a716-446655440002,2024-10-07 12:50:39.865,2024-10-07 12:50:48.439
australian_terrier,5.459780693054199,0.9989312291145325,1,0.3021525497123974,0.6006419486272833,0.0036631507975116136,5101.04347826087,550e8400-e29b-41d4-a716-446655440002,2024-10-07 12:50:48.763,2024-10-07 12:50:56.141
axolotl,8.457553148269653,0.9948990941047668,1,0.30316393740775754,0.6040813621815523,0.0022465126339628436,5093.253731343284,550e8400-e29b-41d4-a716-446655440002,2024-10-07 12:50:56.543,2024-10-07 12:51:06.390
baboon,5.188272476196289,0.8569560050964355,1,0.35200373838369586,0.7001526291101494,0.0038548476572423055,5099.906976744186,550e8400-e29b-41d4-a716-446655440002,2024-10-07 12:51:07.032,2024-10-07 12:51:13.845
backpack,6.321600675582886,0.977340579032898,1,0.3084582163046725,0.6139108647199674,0.003005567889377653,5090.7692307692305,550e8400-e29b-41d4-a716-446655440002,2024-10-07 12:51:14.277,2024-10-07 12:51:22.054
badger,7.615158557891846,0.9795056581497192,1,0.3081662347817589,0.6135748119467586,0.002757657616759272,5097.818181818182,550e8400-e29b-41d4-a716-446655440002,2024-10-07 12:51:23.128,2024-10-07 12:51:32.301
bagel,7.410023212432861,0.8651649355888367,1,0.34817169072051285,0.6935093822215948,0.002833999219430957,5097.103448275862,550e8400-e29b-41d4-a716-446655440002,2024-10-07 12:51:32.626,2024-10-07 12:51:41.282
restaurant,6.523659944534302,0.7969328165054321,0,0.37797615761410236,0.7528865515050731,0.003065763723131605,5103.851851851852,550e8400-e29b-41d4-a716-446655440002,2024-10-07 12:51:41.618,2024-10-07 12:51:51.111
balance_beam,6.144965887069702,0.6296218633651733,1,0.47730968630010623,0.951364675931825,0.0032546966683874028,5096.0,550e8400-e29b-41d4-a716-446655440002,2024-10-07 12:51:52.140,2024-10-07 12:51:59.962
bald_eagle,7.182558059692383,0.9578257203102112,1,0.31348799727624876,0.624330697453317,0.0026452970991805306,5094.580645161291,550e8400-e29b-41d4-a716-446655440002,2024-10-07 12:52:00.286,2024-10-07 12:52:11.058
balloon,5.162126302719116,0.9840318560600281,1,0.30731347882774307,0.6107525851920567,0.003874372463429485,5095.609756097561,550e8400-e29b-41d4-a716-446655440002,2024-10-07 12:52:11.598,2024-10-07 12:52:18.186
ballplayer,3.9299569129943848,0.9703373312950134,1,0.31223067384129266,0.6193722333633239,0.005089114319261387,5094.5641025641025,550e8400-e29b-41d4-a716-446655440002,2024-10-07 12:52:18.414,2024-10-07 12:52:25.347
ballpoint,7.619032144546509,0.9948884844779968,1,0.3033564047596093,0.6040878041877585,0.0026250053314600392,5088.666666666667,550e8400-e29b-41d4-a716-446655440002,2024-10-07 12:52:25.830,2024-10-07 12:52:35.243
banana,4.706184387207031,0.38436269760131836,1,0.502124863621405,1.0,0.004249727242809829,5088.421052631579,550e8400-e29b-41d4-a716-446655440002,2024-10-07 12:52:35.549,2024-10-07 12:52:42.206
band_aid,4.719964981079102,0.9999954700469971,1,0.30162001651376086,0.5990027134541406,0.004237319573381136,5091.478260869565,550e8400-e29b-41d4-a716-446655440002,2024-10-07 12:52:43.127,2024-10-07 12:52:51.171
banded_gecko,6.085870742797852,0.9671557545661926,1,0.31174887982674737,0.62037577418864,0.003121985464854804,5106.307692307692,550e8400-e29b-41d4-a716-446655440002,2024-10-07 12:52:52.421,2024-10-07 12:53:01.021
banjo,5.730780363082886,0.9999903440475464,1,0.30233511284766673,0.6010058032834609,0.003664422411872544,5086.0,550e8400-e29b-41d4-a716-446655440002,2024-10-07 12:53:01.276,2024-10-07 12:53:09.920
bannister,7.683421850204468,0.9583742618560791,1,0.31322310393748215,0.6239733513313015,0.0024728565436628186,5089.454545454545,550e8400-e29b-41d4-a716-446655440002,2024-10-07 12:53:10.231,2024-10-07 12:53:20.361
barbell,5.524555683135986,0.9930726885795593,1,0.3039027904606631,0.604185380284911,0.0036202006364151806,5093.090909090909,550e8400-e29b-41d4-a716-446655440002,2024-10-07 12:53:21.323,2024-10-07 12:53:28.446
barber_chair,6.417074918746948,0.8512750267982483,1,0.35338353470684064,0.7036503845918208,0.003116684821860451,5093.333333333333,550e8400-e29b-41d4-a716-446655440002,2024-10-07 12:53:28.736,2024-10-07 12:53:37.286
barbershop,6.137009620666504,0.9986446499824524,1,0.30195514203470214,0.6008143136906033,0.003095970378800958,5093.076923076923,550e8400-e29b-41d4-a716-446655440002,2024-10-07 12:53:37.549,2024-10-07 12:53:45.977
barn,8.513828754425049,0.9994662404060364,1,0.30195249606687125,0.6013209608318955,0.0025840313018470726,5097.64705882353,550e8400-e29b-41d4-a716-446655440002,2024-10-07 12:53:46.278,2024-10-07 12:53:56.548
barn_spider,7.080702781677246,0.9461258053779602,1,0.31856547162860016,0.6341651359570631,0.002965807300137178,5097.454545454545,550e8400-e29b-41d4-a716-446655440002,2024-10-07 12:53:56.727,2024-10-07 12:54:05.013
digital_watch,5.299717426300049,0.5258355140686035,0,0.5018868930540287,1.0,0.0037737861080572414,5085.395348837209,550e8400-e29b-41d4-a716-446655440002,2024-10-07 12:54:05.252,2024-10-07 12:54:13.010
barracouta,6.856407642364502,0.5556892156600952,1,0.5015314141964259,1.0,0.0030628283928517907,5093.830508474576,550e8400-e29b-41d4-a716-446655440002,2024-10-07 12:54:13.140,2024-10-07 12:54:22.622
barrel,6.4050304889678955,0.9999607801437378,1,0.3031511617092023,0.6030236505008953,0.0032786729175092394,5099.591836734694,550e8400-e29b-41d4-a716-446655440002,2024-10-07 12:54:22.986,2024-10-07 12:54:31.126
apiary,6.9845802783966064,0.6688255071640015,0,0.4507983769469909,0.8985901308525153,0.0030066230414665376,5093.423728813559,550e8400-e29b-41d4-a716-446655440002,2024-10-07 12:54:32.823,2024-10-07 12:54:40.963
baseball,5.142787218093872,0.6972314119338989,1,0.43231490768852787,0.8605464265240004,0.00408338885305534,5099.3488372093025,550e8400-e29b-41d4-a716-446655440002,2024-10-07 12:54:41.299,2024-10-07 12:54:49.710
basenji,6.7917866706848145,0.9979977011680603,1,0.3014260216249545,0.6002017833296891,0.0026502599202199413,5083.789473684211,550e8400-e29b-41d4-a716-446655440002,2024-10-07 12:54:49.963,2024-10-07 12:54:58.823
basketball,4.785309076309204,0.9999996423721313,1,0.30219432292474785,0.6000002145767979,0.004388431272697814,5087.130434782609,550e8400-e29b-41d4-a716-446655440002,2024-10-07 12:54:59.134,2024-10-07 12:55:06.964
                                                                                                                                                                                                                                                                                                                                                                                              basset,5.641053199768066,0.8988023996353149,1,0.3350825387781671,0.6664423684705799,0.0037227090857543097,5089.166666666667,550e8400-e29b-41d4-a716-446655440002,2024-10-07 12:55:07.095,2024-10-07 12:55:15.662
bassinet,6.264204263687134,0.9363830089569092,1,0.32251206256936366,0.6418313812309435,0.0031927439077837363,5090.518518518518,550e8400-e29b-41d4-a716-446655440002,2024-10-07 12:55:16.004,2024-10-07 12:55:24.528
bassoon,7.463352918624878,0.9994072914123535,1,0.30195110090247157,0.6013564291197757,0.0025457726851674527,5092.983606557377,550e8400-e29b-41d4-a716-446655440002,2024-10-07 12:55:26.045,2024-10-07 12:55:34.789
bath_towel,5.656107664108276,0.9907732009887695,1,0.30465021800401965,0.6055876353954804,0.0037128006125588474,5100.945454545455,550e8400-e29b-41d4-a716-446655440002,2024-10-07 12:55:35.146,2024-10-07 12:55:43.215
bathing_cap,7.919867992401123,0.9681761264801025,1,0.3106071888727893,0.6186890831296596,0.0025252946159190284,5096.588235294118,550e8400-e29b-41d4-a716-446655440002,2024-10-07 12:55:44.463,2024-10-07 12:55:54.310
bathtub,6.049758195877075,0.40590038895606995,1,0.5015703106954712,1.0,0.0031406213909422934,5090.980392156863,550e8400-e29b-41d4-a716-446655440002,2024-10-07 12:55:55.455,2024-10-07 12:56:04.358
beach_wagon,7.847887277603149,0.45749422907829285,1,0.5014016511209829,1.0,0.002803302241965827,5100.0,550e8400-e29b-41d4-a716-446655440002,2024-10-07 12:56:04.930,2024-10-07 12:56:14.798
beacon,7.230441093444824,0.9754620790481567,1,0.30944217208182095,0.616118261190069,0.0027660829735729623,5092.654545454546,550e8400-e29b-41d4-a716-446655440002,2024-10-07 12:56:15.013,2024-10-07 12:56:24.416
beagle,7.945114612579346,0.6739659905433655,1,0.4456430761427009,0.8887688821168463,0.002517270168555453,5096.705882352941,550e8400-e29b-41d4-a716-446655440002,2024-10-07 12:56:24.637,2024-10-07 12:56:34.549
beaker,6.008262395858765,0.9429491758346558,1,0.31883785415672844,0.6341805214164141,0.0034951868970427113,5099.755102040816,550e8400-e29b-41d4-a716-446655440002,2024-10-07 12:56:34.789,2024-10-07 12:56:44.257
academic_gown,4.3481059074401855,0.1522718369960785,0,0.5022998519844902,1.0,0.0045997039689804585,5098.604651162791,550e8400-e29b-41d4-a716-446655440002,2024-10-07 12:56:44.387,2024-10-07 12:56:52.231
beaver,5.796330690383911,0.9073845744132996,1,0.3323457936467742,0.6612411285346684,0.003450458758879979,5095.2,550e8400-e29b-41d4-a716-446655440002,2024-10-07 12:56:52.465,2024-10-07 12:57:01.206
bedlington_terrier,8.20412540435791,0.9935449361801147,1,0.3026038062351897,0.6028917044285658,0.002315908041813632,5093.714285714285,550e8400-e29b-41d4-a716-446655440002,2024-10-07 12:57:01.480,2024-10-07 12:57:11.336
bee,9.3556809425354,0.9993047714233398,1,0.3003303307137344,0.5984160359289095,0.0022446254985592717,5099.428571428572,550e8400-e29b-41d4-a716-446655440002,2024-10-07 12:57:12.661,2024-10-07 12:57:24.455
bee_eater,7.186817169189453,0.9995896220207214,1,0.30108396702905615,0.5992459173286442,0.0029220167294680788,5103.225806451613,550e8400-e29b-41d4-a716-446655440002,2024-10-07 12:57:24.656,2024-10-07 12:57:34.744
beer_bottle,5.7892608642578125,0.9759725332260132,1,0.3091130359098283,0.6147713993720083,0.0034546724476482915,5102.188679245283,550e8400-e29b-41d4-a716-446655440002,2024-10-07 12:57:34.934,2024-10-07 12:57:44.650
beer_bottle,6.746579885482788,0.4923012852668762,0,0.501408120879209,1.0,0.002816241758418066,5098.9473684210525,550e8400-e29b-41d4-a716-446655440002,2024-10-07 12:57:45.382,2024-10-07 12:57:55.475
bell_cote,6.896621465682983,0.7500905394554138,1,0.399401944865393,0.7959039190568091,0.0028999706739768656,5111.586206896552,550e8400-e29b-41d4-a716-446655440002,2024-10-07 12:57:55.953,2024-10-07 12:58:06.556
bell_pepper,6.711740970611572,0.7924285531044006,1,0.37959097392068725,0.755904109781722,0.003277838059652556,5102.133333333333,550e8400-e29b-41d4-a716-446655440002,2024-10-07 12:58:06.774,2024-10-07 12:58:17.462
bernese_mountain_dog,5.483288526535034,0.8274292945861816,1,0.36439246700410816,0.7251374877899086,0.003647446218307662,5094.933333333333,550e8400-e29b-41d4-a716-446655440002,2024-10-07 12:58:17.736,2024-10-07 12:58:25.696
bib,5.724029064178467,0.6743739247322083,1,0.4473455073879935,0.8911969724195004,0.0034940423564866143,5090.382978723404,550e8400-e29b-41d4-a716-446655440002,2024-10-07 12:58:26.121,2024-10-07 12:58:35.957
bicycle-built-for-two,4.6362175941467285,0.913700520992279,1,0.3305999298314329,0.656670305220358,0.004529554442507771,5100.869565217391,550e8400-e29b-41d4-a716-446655440002,2024-10-07 12:58:36.354,2024-10-07 12:58:44.956
bighorn,6.575727701187134,0.7943022847175598,1,0.3798401898447496,0.7566388912172212,0.0030414884722780333,5097.62962962963,550e8400-e29b-41d4-a716-446655440002,2024-10-07 12:58:45.232,2024-10-07 12:58:54.580
bikini,4.752095460891724,0.7772036194801331,1,0.3874602344864393,0.7707117993102858,0.004208669662592811,5100.8,550e8400-e29b-41d4-a716-446655440002,2024-10-07 12:58:54.851,2024-10-07 12:59:02.894
binder,6.9188392162323,0.9926652312278748,1,0.30315832420377936,0.6034259901085368,0.0028906582990218892,5097.0,550e8400-e29b-41d4-a716-446655440002,2024-10-07 12:59:04.149,2024-10-07 12:59:12.695
binoculars,5.074235916137695,0.9649190902709961,1,0.3127790998382226,0.6218137935601324,0.003744406116312786,5089.6,550e8400-e29b-41d4-a716-446655440002,2024-10-07 12:59:13.027,2024-10-07 12:59:19.855
birdhouse,6.144719362258911,0.9995693564414978,1,0.3020941364029798,0.6012589282844576,0.002929344521501934,5099.384615384615,550e8400-e29b-41d4-a716-446655440002,2024-10-07 12:59:20.961,2024-10-07 12:59:28.967
bison,4.758167505264282,0.7789977788925171,1,0.3879587945362196,0.7715041252805979,0.0044134637918413515,5104.0,550e8400-e29b-41d4-a716-446655440002,2024-10-07 12:59:29.381,2024-10-07 12:59:35.904
bittern,7.479157447814941,0.9959360361099243,1,0.30212602530418575,0.6014442477045651,0.002807802903806393,5098.615384615385,550e8400-e29b-41d4-a716-446655440002,2024-10-07 12:59:36.316,2024-10-07 12:59:46.303
black-and-tan_coonhound,8.112743854522705,0.7905003428459167,1,0.38073910535908045,0.7590129535427047,0.0024652571754561646,5088.645161290323,550e8400-e29b-41d4-a716-446655440002,2024-10-07 12:59:46.634,2024-10-07 12:59:57.416
black-footed_ferret,5.58203125,0.9124537706375122,1,0.33057524279636213,0.657567560470261,0.003582925122463261,5093.155555555555,550e8400-e29b-41d4-a716-446655440002,2024-10-07 12:59:57.917,2024-10-07 13:00:06.075
black_and_gold_garden_spider,7.813589334487915,0.8221253752708435,1,0.3655794880089638,0.7285993329212878,0.002559643096639754,5094.95652173913,550e8400-e29b-41d4-a716-446655440002,2024-10-07 13:00:06.404,2024-10-07 13:00:16.818
black_grouse,5.825641870498657,0.9016358256340027,1,0.33444512024025247,0.6654571423868372,0.003433098093667756,5095.673469387755,550e8400-e29b-41d4-a716-446655440002,2024-10-07 13:00:17.271,2024-10-07 13:00:26.325
black_stork,5.168877363204956,0.9882329106330872,1,0.30550681682140535,0.6071443214895815,0.003869312153229154,5093.953488372093,550e8400-e29b-41d4-a716-446655440002,2024-10-07 13:00:26.831,2024-10-07 13:00:33.894
black_swan,7.2518134117126465,0.9993708729743958,1,0.30149887408123266,0.6003777138453505,0.0026200343171147323,5098.4,550e8400-e29b-41d4-a716-446655440002,2024-10-07 13:00:34.298,2024-10-07 13:00:46.084
black_widow,4.1664440631866455,0.9934232234954834,1,0.3038829131226767,0.6029655697924434,0.004800256452909939,5109.575757575758,550e8400-e29b-41d4-a716-446655440002,2024-10-07 13:00:46.330,2024-10-07 13:00:52.704
blenheim_spaniel,7.505367994308472,0.989409327507019,1,0.30511556133673945,0.6074331252913485,0.0027979973821303477,5095.475409836065,550e8400-e29b-41d4-a716-446655440002,2024-10-07 13:00:52.944,2024-10-07 13:01:03.198
bloodhound,7.308723449707031,0.9973773956298828,1,0.3025899814942906,0.6025803298062966,0.002599633182284604,5100.350877192983,550e8400-e29b-41d4-a716-446655440002,2024-10-07 13:01:03.376,2024-10-07 13:01:13.953
bluetick,7.50665545463562,0.9709148406982422,1,0.3104523005129367,0.6179738684069394,0.0029307326189340734,5093.152542372882,550e8400-e29b-41d4-a716-446655440002,2024-10-07 13:01:14.296,2024-10-07 13:01:24.928
boa_constrictor,5.4510109424591064,0.942818284034729,1,0.31940740333749446,0.6353292146993785,0.00348559197561041,5096.170212765957,550e8400-e29b-41d4-a716-446655440002,2024-10-07 13:01:25.344,2024-10-07 13:01:34.101
boathouse,9.94472622871399,0.5684782266616821,1,0.501005558098837,1.0,0.0020111161976739825,5098.630136986301,550e8400-e29b-41d4-a716-446655440002,2024-10-07 13:01:34.302,2024-10-07 13:01:46.057
bobsled,3.7304270267486572,0.89457768201828,1,0.33760954020009,0.6695896980668917,0.005629382333288276,5090.0,550e8400-e29b-41d4-a716-446655440002,2024-10-07 13:01:46.435,2024-10-07 13:01:53.078
bolete,6.565039157867432,0.9905898571014404,1,0.3048778303917528,0.606709220462425,0.0030464403210805437,5099.846153846154,550e8400-e29b-41d4-a716-446655440002,2024-10-07 13:01:53.407,2024-10-07 13:02:03.583
bolo_tie,6.403756380081177,0.9287780523300171,1,0.325183053047195,0.6470867808431484,0.0032793252512416464,5090.962962962963,550e8400-e29b-41d4-a716-446655440002,2024-10-07 13:02:04.151,2024-10-07 13:02:14.474
bonnet,6.101618051528931,0.9999977350234985,1,0.30230348111483507,0.6010013612539605,0.0036056009757095965,5102.37037037037,550e8400-e29b-41d4-a716-446655440002,2024-10-07 13:02:14.812,2024-10-07 13:02:24.658
book_jacket,6.422725200653076,0.8472470045089722,1,0.3574932632244158,0.7117168863281762,0.003269640120655431,5104.290909090909,550e8400-e29b-41d4-a716-446655440002,2024-10-07 13:02:25.332,2024-10-07 13:02:34.508
bookcase,6.850415468215942,0.8355156183242798,1,0.3606654572711959,0.7181194304941507,0.0032114840482411603,5099.285714285715,550e8400-e29b-41d4-a716-446655440002,2024-10-07 13:02:34.782,2024-10-07 13:02:44.430
bookshop,7.555768966674805,0.8955341577529907,1,0.33687741523607245,0.6711078464142402,0.0026469840579047958,5092.430769230769,550e8400-e29b-41d4-a716-446655440002,2024-10-07 13:02:44.911,2024-10-07 13:02:56.676
border_collie,7.37725043296814,0.9042773246765137,1,0.3326947751233219,0.6624074093799485,0.0029821408666953152,5095.354838709677,550e8400-e29b-41d4-a716-446655440002,2024-10-07 13:02:56.973,2024-10-07 13:03:07.114
centipede,9.46774697303772,0.9994109869003296,1,0.3012330255681059,0.6003536161443435,0.002112434991868294,5101.506493506494,550e8400-e29b-41d4-a716-446655440002,2024-10-07 13:14:56.681,2024-10-07 13:15:07.952
chain,10.040144920349121,0.9986047148704529,1,0.3019656706560822,0.6018397380368533,0.002091603275311068,5101.0526315789475,550e8400-e29b-41d4-a716-446655440002,2024-10-07 13:15:09.881,2024-10-07 13:15:22.791
chain_mail,7.668742895126343,0.9513072967529297,1,0.3155431222941974,0.628608654680918,0.0024775899074768724,5094.030769230769,550e8400-e29b-41d4-a716-446655440002,2024-10-07 13:15:23.998,2024-10-07 13:15:35.217
chain_saw,8.85358214378357,0.9999845027923584,1,0.30169061762921834,0.601009313966133,0.0023719212923036903,5095.789473684211,550e8400-e29b-41d4-a716-446655440002,2024-10-07 13:15:36.359,2024-10-07 13:15:49.148
chainlink_fence,8.111823320388794,0.8419400453567505,1,0.35683553369633,0.7114520841518936,0.002218983240766303,5104.811594202899,550e8400-e29b-41d4-a716-446655440002,2024-10-07 13:15:50.375,2024-10-07 13:16:02.380
chambered_nautilus,5.602867364883423,0.9973577857017517,1,0.3016661554489073,0.5995842300255777,0.003748080872236914,5124.727272727273,550e8400-e29b-41d4-a716-446655440002,2024-10-07 13:16:03.653,2024-10-07 13:16:13.052
cheeseburger,9.132224321365356,0.962470293045044,1,0.3127929555220468,0.6233958640964722,0.002190046947621388,5097.79104477612,550e8400-e29b-41d4-a716-446655440002,2024-10-07 13:16:14.301,2024-10-07 13:16:25.101
cheetah,7.789202451705933,0.9622000455856323,1,0.3131976881464091,0.6235709536209975,0.002824422671820749,5097.69696969697,550e8400-e29b-41d4-a716-446655440002,2024-10-07 13:16:26.334,2024-10-07 13:16:38.122
chesapeake_bay_retriever,7.174747943878174,0.39332735538482666,1,0.5013937771860728,1.0,0.002787554372145564,5105.0,550e8400-e29b-41d4-a716-446655440002,2024-10-07 13:16:39.780,2024-10-07 13:16:50.802
chest,7.396551847457886,0.9999933242797852,1,0.30078638165451993,0.5990039987831034,0.0025687645259365134,5094.580645161291,550e8400-e29b-41d4-a716-446655440002,2024-10-07 13:16:52.836,2024-10-07 13:17:02.123
chickadee,8.486687660217285,0.9999659061431885,1,0.3006885274751086,0.599020422916526,0.002356632033691215,5100.394366197183,550e8400-e29b-41d4-a716-446655440002,2024-10-07 13:17:03.302,2024-10-07 13:17:15.894
chiffonier,8.044026136398315,0.9994286894798279,1,0.30085220595029005,0.599342410624375,0.0023620012762051,5101.6,550e8400-e29b-41d4-a716-446655440002,2024-10-07 13:17:18.125,2024-10-07 13:17:30.819
chihuahua,9.803534746170044,0.9771919846534729,1,0.3084828172247501,0.615027557980967,0.0019380764685332245,5102.481012658228,550e8400-e29b-41d4-a716-446655440002,2024-10-07 13:17:31.992,2024-10-07 13:17:47.245
chime,9.592285871505737,0.9998133778572083,1,0.3010985014694595,0.60011199418627,0.0020850087526489165,5096.674698795181,550e8400-e29b-41d4-a716-446655440002,2024-10-07 13:17:48.427,2024-10-07 13:18:01.247
chimpanzee,9.181124448776245,0.9811946749687195,1,0.30627487169074424,0.6104802800923232,0.002069463289165252,5094.5352112676055,550e8400-e29b-41d4-a716-446655440002,2024-10-07 13:18:03.663,2024-10-07 13:18:16.492
abacus,1.1899311542510986,0.9881937503814697,1,0.2565112131819852,0.5029378093194219,0.010084617044548584,5102.666666666667,550e8400-e29b-41d4-a716-446655440003,2024-10-07 13:18:27.746,2024-10-07 13:18:33.039
abaya,0.32213854789733887,0.7118657231330872,1,0.36841059378814733,0.6995701349521168,0.03725105262417783,5128.0,550e8400-e29b-41d4-a716-446655440003,2024-10-07 13:18:34.163,2024-10-07 13:18:39.114
academic_gown,0.25461363792419434,0.4163782596588135,1,0.5176738372566664,1.0,0.03534767451333284,5144.0,550e8400-e29b-41d4-a716-446655440003,2024-10-07 13:18:40.394,2024-10-07 13:18:44.964
altar,0.6510281562805176,0.24953900277614594,0,0.5069121434404766,1.0,0.01382428688095334,5104.0,550e8400-e29b-41d4-a716-446655440003,2024-10-07 13:18:46.201,2024-10-07 13:18:51.088
acorn,0.4936375617980957,0.9952955842018127,1,0.26181291516835853,0.5033680526190438,0.02025777771767322,5096.0,550e8400-e29b-41d4-a716-446655440003,2024-10-07 13:18:53.281,2024-10-07 13:18:56.112
acorn_squash,0.4507322311401367,0.9200695157051086,1,0.28059304778915883,0.5434371984564859,0.017748897121831805,5112.0,550e8400-e29b-41d4-a716-446655440003,2024-10-07 13:18:57.274,2024-10-07 13:19:02.333
acoustic_guitar,1.4438295364379883,0.99439537525177,1,0.25386642987425273,0.5008068343780379,0.006926025370467613,5106.285714285715,550e8400-e29b-41d4-a716-446655440003,2024-10-07 13:19:04.881,2024-10-07 13:19:08.510
admiral,0.2630014419555664,0.9999960660934448,1,0.2704134143850334,0.4990019630270934,0.041824865742973484,5104.0,550e8400-e29b-41d4-a716-446655440003,2024-10-07 13:19:10.298,2024-10-07 13:19:13.290
affenpinscher,2.0929765701293945,0.9237031936645508,1,0.27279975634307124,0.5412994167708578,0.004300095915284704,5104.0,550e8400-e29b-41d4-a716-446655440003,2024-10-07 13:19:15.759,2024-10-07 13:19:19.778
afghan_hound,0.2731168270111084,0.9365406632423401,1,0.2828824101309872,0.5328118890988061,0.032952931163168296,5104.0,550e8400-e29b-41d4-a716-446655440003,2024-10-07 13:19:21.715,2024-10-07 13:19:25.002
american_chameleon,2.2055540084838867,0.6533241868019104,0,0.3839334052245676,0.7637862030528163,0.004080607396318834,5102.0,550e8400-e29b-41d4-a716-446655440003,2024-10-07 13:19:27.376,2024-10-07 13:19:31.291
african_crocodile,1.258152961730957,0.9553079605102539,1,0.26566979482477654,0.5233914304795885,0.007948159169964579,5124.0,550e8400-e29b-41d4-a716-446655440003,2024-10-07 13:19:33.546,2024-10-07 13:19:38.082
african_elephant,0.6756513118743896,0.864782452583313,1,0.29665216059133115,0.5770237341303204,0.016280587052341887,5120.0,550e8400-e29b-41d4-a716-446655440003,2024-10-07 13:19:39.820,2024-10-07 13:19:42.661
african_grey,0.2358839511871338,0.999997615814209,1,0.2674580883277185,0.5010011944799292,0.03391498217550783,5104.0,550e8400-e29b-41d4-a716-446655440003,2024-10-07 13:19:44.777,2024-10-07 13:19:48.248
african_hunting_dog,0.3619823455810547,0.9954991936683655,1,0.26444085655180094,0.5012560564325618,0.027625656671040083,5152.0,550e8400-e29b-41d4-a716-446655440003,2024-10-07 13:19:50.619,2024-10-07 13:19:55.409
agama,0.27930545806884766,0.9999862909317017,1,0.26840498193854045,0.501006868337376,0.03580309553970493,5128.0,550e8400-e29b-41d4-a716-446655440003,2024-10-07 13:19:57.197,2024-10-07 13:20:01.371
agaric,2.0992283821105957,0.8317103385925293,1,0.30236607497981555,0.5999684948541557,0.004763655105475399,5109.5,550e8400-e29b-41d4-a716-446655440003,2024-10-07 13:20:02.916,2024-10-07 13:20:07.951
aircraft_carrier,1.2715229988098145,0.9150567650794983,1,0.2767461574027057,0.5464141888034246,0.007078126001986817,5112.0,550e8400-e29b-41d4-a716-446655440003,2024-10-07 13:20:08.108,2024-10-07 13:20:14.945
airedale,1.3086295127868652,0.49072274565696716,1,0.5038207911033215,1.0,0.0076415822066429944,5110.7692307692305,550e8400-e29b-41d4-a716-446655440003,2024-10-07 13:20:15.191,2024-10-07 13:20:21.265
airliner,0.3235969543457031,0.9776264429092407,1,0.2732292917611219,0.512465680151934,0.03399290337030968,5128.0,550e8400-e29b-41d4-a716-446655440003,2024-10-07 13:20:21.507,2024-10-07 13:20:23.784
airship,0.8039078712463379,0.8541337251663208,1,0.2994992213703346,0.586559206408157,0.012439236332512218,5104.0,550e8400-e29b-41d4-a716-446655440003,2024-10-07 13:20:25.385,2024-10-07 13:20:28.679
vulture,2.3781468868255615,0.6449579000473022,0,0.3904999215727146,0.7767948884155941,0.0042049547298351996,5104.0,550e8400-e29b-41d4-a716-446655440003,2024-10-07 13:20:28.886,2024-10-07 13:20:33.629
alligator_lizard,1.671687364578247,0.6655988693237305,1,0.37829349048245525,0.7512031991701186,0.00538378179479189,5104.0,550e8400-e29b-41d4-a716-446655440003,2024-10-07 13:20:34.016,2024-10-07 13:20:40.183
american_lobster,0.9046154022216797,0.9986308217048645,1,0.25692338126086117,0.5016868988128084,0.01215986370891395,5128.0,550e8400-e29b-41d4-a716-446655440003,2024-10-07 13:21:36.595,2024-10-07 13:21:41.405
siamese_cat,1.2543606758117676,0.19602268934249878,0,0.5039860943478351,1.0,0.007972188695670354,5112.0,550e8400-e29b-41d4-a716-446655440003,2024-10-07 13:21:44.145,2024-10-07 13:21:48.472
amphibian,0.9403479099273682,0.5955967307090759,1,0.4250642801437396,0.8394941983726721,0.010634361914807036,5104.0,550e8400-e29b-41d4-a716-446655440003,2024-10-07 13:21:49.894,2024-10-07 13:21:54.204
analog_clock,2.8694748878479004,0.8130877614021301,1,0.3085974237176243,0.6137098892492231,0.00348495818602545,5109.0526315789475,550e8400-e29b-41d4-a716-446655440003,2024-10-07 13:21:56.229,2024-10-07 13:22:01.395
anemone_fish,1.2847464084625244,0.544409453868866,1,0.4640234313650977,0.9202632254815285,0.007783637248666959,5101.538461538462,550e8400-e29b-41d4-a716-446655440003,2024-10-07 13:22:02.604,2024-10-07 13:22:07.762
angora,0.3814964294433594,0.9956117272377014,1,0.26239535414123377,0.5011993996740701,0.02359130860839741,5104.0,550e8400-e29b-41d4-a716-446655440003,2024-10-07 13:22:08.945,2024-10-07 13:22:12.761
ant,0.6423366069793701,0.27041953802108765,1,0.5077840807228983,1.0,0.01556816144579655,5104.0,550e8400-e29b-41d4-a716-446655440003,2024-10-07 13:22:13.984,2024-10-07 13:22:19.653
apiary,0.38768935203552246,0.7879061698913574,1,0.33211787437109597,0.6358625165596581,0.028373232182533896,5104.0,550e8400-e29b-41d4-a716-446655440003,2024-10-07 13:22:20.863,2024-10-07 13:22:24.722
appenzeller,2.5553507804870605,0.7571285367012024,1,0.33281199285855245,0.6617106286639907,0.003913357053114234,5122.461538461538,550e8400-e29b-41d4-a716-446655440003,2024-10-07 13:22:25.922,2024-10-07 13:22:31.228
apron,2.2589499950408936,0.7359065413475037,1,0.34193046869130256,0.6794341018962273,0.0044268354863778074,5106.461538461538,550e8400-e29b-41d4-a716-446655440003,2024-10-07 13:22:32.356,2024-10-07 13:22:36.836
arabian_camel,2.676366090774536,0.8360711932182312,1,0.3016706585415091,0.5992312665043933,0.004110050578624921,5104.0,550e8400-e29b-41d4-a716-446655440003,2024-10-07 13:22:38.010,2024-10-07 13:22:43.728
arctic_fox,3.348534107208252,0.4519599378108978,1,0.5013438716333554,1.0,0.0026877432667106686,5100.666666666667,550e8400-e29b-41d4-a716-446655440003,2024-10-07 13:22:45.215,2024-10-07 13:22:50.245
armadillo,1.3410418033599854,0.6898972988128662,1,0.36572837707030964,0.7247455539547262,0.006711200185893136,5105.2307692307695,550e8400-e29b-41d4-a716-446655440003,2024-10-07 13:22:51.447,2024-10-07 13:22:55.722
artichoke,0.910210132598877,0.9999974966049194,1,0.25494453917192494,0.5000012517006738,0.00988782664317607,5096.0,550e8400-e29b-41d4-a716-446655440003,2024-10-07 13:22:56.892,2024-10-07 13:23:01.509
ashcan,0.8111317157745361,0.9454110860824585,1,0.27112832955910743,0.5299282051747624,0.012328453943452534,5144.0,550e8400-e29b-41d4-a716-446655440003,2024-10-07 13:23:02.695,2024-10-07 13:23:08.093
flute,1.5699193477630615,0.42878857254981995,0,0.5028663892870752,1.0,0.00573277857415024,5112.533333333334,550e8400-e29b-41d4-a716-446655440003,2024-10-07 13:23:09.234,2024-10-07 13:23:14.221
australian_terrier,1.1307365894317627,0.7768201231956482,1,0.3256030714401267,0.6423623501760433,0.00884379270421007,5120.0,550e8400-e29b-41d4-a716-446655440003,2024-10-07 13:23:15.560,2024-10-07 13:23:19.590
axolotl,1.2642602920532227,0.31602805852890015,1,0.5035593936061156,1.0,0.00711878721223107,5106.666666666667,550e8400-e29b-41d4-a716-446655440003,2024-10-07 13:23:20.702,2024-10-07 13:23:26.846
hippopotamus,0.50742506980896,0.17038533091545105,0,0.5098536716009764,1.0,0.019707343201952738,5112.0,550e8400-e29b-41d4-a716-446655440003,2024-10-07 13:23:28.956,2024-10-07 13:23:34.659
backpack,0.9136059284210205,0.48738327622413635,1,0.5054728191274344,1.0,0.010945638254868746,5144.0,550e8400-e29b-41d4-a716-446655440003,2024-10-07 13:23:35.939,2024-10-07 13:23:41.608
badger,0.7664229869842529,0.9337071180343628,1,0.27403996320257407,0.537641826118675,0.010438100286473231,5104.0,550e8400-e29b-41d4-a716-446655440003,2024-10-07 13:23:42.755,2024-10-07 13:23:47.391
bagel,1.1115140914916992,0.49540671706199646,1,0.5044983685211671,1.0,0.008996737042334366,5096.0,550e8400-e29b-41d4-a716-446655440003,2024-10-07 13:23:48.564,2024-10-07 13:23:53.943
guillotine,0.39773130416870117,0.11505848914384842,0,0.5125713011462613,1.0,0.025142602292522628,5096.0,550e8400-e29b-41d4-a716-446655440003,2024-10-07 13:23:55.197,2024-10-07 13:23:59.980
balance_beam,1.2807989120483398,0.5205643177032471,1,0.48472198112358755,0.96241709806472,0.007026864182455147,5104.0,550e8400-e29b-41d4-a716-446655440003,2024-10-07 13:24:02.615,2024-10-07 13:24:06.216
bald_eagle,0.5342586040496826,0.9870960712432861,1,0.264069330535062,0.5075493810536302,0.02058928001649379,5104.0,550e8400-e29b-41d4-a716-446655440003,2024-10-07 13:24:08.829,2024-10-07 13:24:12.923
balloon,1.3083868026733398,0.9811390042304993,1,0.25799031915603543,0.507573338591893,0.00840729972017788,5126.7692307692305,550e8400-e29b-41d4-a716-446655440003,2024-10-07 13:24:15.687,2024-10-07 13:24:19.415
ballplayer,1.746368408203125,0.9895959496498108,1,0.2554914424744585,0.5052567163163263,0.005726168632590651,5109.714285714285,550e8400-e29b-41d4-a716-446655440003,2024-10-07 13:24:20.622,2024-10-07 13:24:27.473
ballpoint,1.725400686264038,0.9426198601722717,1,0.2684059262551833,0.5304365217900467,0.006375330720319807,5096.0,550e8400-e29b-41d4-a716-446655440003,2024-10-07 13:24:28.604,2024-10-07 13:24:34.021
grocery_store,0.37221288681030273,0.6035841107368469,0,0.42762565320039786,0.8283849609453885,0.026866345455407278,5112.0,550e8400-e29b-41d4-a716-446655440003,2024-10-07 13:24:36.469,2024-10-07 13:24:40.945
band_aid,1.2514228820800781,0.9560790657997131,1,0.2660030713665858,0.524015238824352,0.007990903908819612,5136.0,550e8400-e29b-41d4-a716-446655440003,2024-10-07 13:24:42.241,2024-10-07 13:24:46.839
banded_gecko,0.3834230899810791,0.994562566280365,1,0.2670153001106167,0.5027335805227271,0.03129701969850634,5096.0,550e8400-e29b-41d4-a716-446655440003,2024-10-07 13:24:48.233,2024-10-07 13:24:52.072
banjo,0.6319050788879395,0.9973748922348022,1,0.2572780109925269,0.5003133765297606,0.014242645455293195,5128.0,550e8400-e29b-41d4-a716-446655440003,2024-10-07 13:24:54.774,2024-10-07 13:24:57.738
bannister,0.4120321273803711,0.4632568061351776,1,0.5121349760558458,1.0,0.024269952111691553,5136.0,550e8400-e29b-41d4-a716-446655440003,2024-10-07 13:24:58.880,2024-10-07 13:25:04.206
barbell,2.48976993560791,0.9485945105552673,1,0.26502892591970684,0.5260414164824825,0.004016435356931229,5112.0,550e8400-e29b-41d4-a716-446655440003,2024-10-07 13:25:05.364,2024-10-07 13:25:12.920
barber_chair,1.4488303661346436,0.34110546112060547,1,0.5037961656026534,1.0,0.007592331205306709,5104.0,550e8400-e29b-41d4-a716-446655440003,2024-10-07 13:25:14.142,2024-10-07 13:25:20.542
barbershop,0.2937774658203125,0.39217475056648254,1,0.5204236222926297,1.0,0.04084724458525944,5096.0,550e8400-e29b-41d4-a716-446655440003,2024-10-07 13:25:21.792,2024-10-07 13:25:26.175
barn,0.5879392623901367,0.9626826643943787,1,0.2681952550905029,0.519381950556416,0.01700855962458982,5120.0,550e8400-e29b-41d4-a716-446655440003,2024-10-07 13:25:27.530,2024-10-07 13:25:32.162
barn_spider,1.206834077835083,0.6450796723365784,1,0.39365660288295223,0.7781984482345853,0.009114757531319212,5128.0,550e8400-e29b-41d4-a716-446655440003,2024-10-07 13:25:33.403,2024-10-07 13:25:38.563
digital_watch,1.3415915966033936,0.7607080340385437,0,0.3323681150863848,0.6572823969605478,0.007453833212221765,5112.0,550e8400-e29b-41d4-a716-446655440003,2024-10-07 13:25:39.752,2024-10-07 13:25:44.876
barracouta,1.3204975128173828,0.3075389862060547,1,0.5041650968264721,1.0,0.008330193652944226,5134.153846153846,550e8400-e29b-41d4-a716-446655440003,2024-10-07 13:25:45.996,2024-10-07 13:25:52.393
barrel,2.570169687271118,0.9834502339363098,1,0.25544951052408854,0.5073973067276897,0.00350171432048744,5106.133333333333,550e8400-e29b-41d4-a716-446655440003,2024-10-07 13:25:54.876,2024-10-07 13:26:01.561
barrow,0.8597252368927002,0.22414040565490723,1,0.5052342304342075,1.0,0.010468460868414943,5104.0,550e8400-e29b-41d4-a716-446655440003,2024-10-07 13:26:02.780,2024-10-07 13:26:07.998
racket,1.0950202941894531,0.12056376785039902,0,0.5036529003354782,1.0,0.0073058006709562345,5104.0,550e8400-e29b-41d4-a716-446655440003,2024-10-07 13:26:09.229,2024-10-07 13:26:13.839
basenji,1.2540836334228516,0.8559613823890686,1,0.29682580562477096,0.5864750563849865,0.007176554864555339,5104.0,550e8400-e29b-41d4-a716-446655440003,2024-10-07 13:26:15.008,2024-10-07 13:26:20.331
basketball,0.8049352169036865,0.9936158657073975,1,0.25906030435127136,0.5032125766671698,0.01490803203537291,5120.0,550e8400-e29b-41d4-a716-446655440003,2024-10-07 13:26:21.429,2024-10-07 13:26:25.883
basset,0.9743165969848633,0.6163682341575623,1,0.41073349630146316,0.8112033883176805,0.010263604285245854,5096.8,550e8400-e29b-41d4-a716-446655440003,2024-10-07 13:26:27.057,2024-10-07 13:26:32.425
apron,2.556676149368286,0.999887228012085,1,0.4350218208878784,0.85009586700084,0.019947774774916754,5098.56,550e8400-e29b-41d4-a716-446655440004,2024-10-07 13:51:20.141,2024-10-07 13:51:30.227
arabian_camel,3.144557237625122,0.999805748462677,1,0.43303281779838454,0.8501651458865669,0.015900489710202168,5094.967741935484,550e8400-e29b-41d4-a716-446655440004,2024-10-07 13:51:31.319,2024-10-07 13:51:41.460
arctic_fox,7.294187068939209,0.9978811144828796,1,0.42976233920096385,0.8528070004020507,0.0067176779998769694,5090.857142857143,550e8400-e29b-41d4-a716-446655440004,2024-10-07 13:51:44.288,2024-10-07 13:51:57.988
armadillo,4.331761598587036,0.9993427395820618,1,0.4304350881415656,0.8495583810966225,0.011311795186508685,5096.0,550e8400-e29b-41d4-a716-446655440004,2024-10-07 13:51:59.244,2024-10-07 13:52:08.802
artichoke,2.61362624168396,0.9999265670776367,1,0.4337876973694421,0.84806227569125,0.01951311904763425,5095.04,550e8400-e29b-41d4-a716-446655440004,2024-10-07 13:52:09.942,2024-10-07 13:52:22.733
ashcan,2.386953115463257,0.9929981231689453,1,0.43847038403151223,0.8559935614856987,0.0209472065773257,5103.304347826087,550e8400-e29b-41d4-a716-446655440004,2024-10-07 13:52:23.898,2024-10-07 13:52:31.703
assault_rifle,8.086660861968994,0.9776667952537537,1,0.4377999433016408,0.8694168648525925,0.006183021750689031,5096.6,550e8400-e29b-41d4-a716-446655440004,2024-10-07 13:52:34.097,2024-10-07 13:52:47.270
australian_terrier,6.777411699295044,0.9990367889404297,1,0.4294514163259588,0.8518204829099073,0.007082349742010323,5096.0,550e8400-e29b-41d4-a716-446655440004,2024-10-07 13:52:50.133,2024-10-07 13:53:00.895
axolotl,3.1914234161376953,0.9998834133148193,1,0.4338531183269947,0.8510992268376169,0.016607009816372573,5103.4838709677415,550e8400-e29b-41d4-a716-446655440004,2024-10-07 13:53:02.032,2024-10-07 13:53:16.073
baboon,4.613695859909058,0.8970456719398499,1,0.47908771410164797,0.9475548755080505,0.010620552695245469,5104.0,550e8400-e29b-41d4-a716-446655440004,2024-10-07 13:53:17.230,2024-10-07 13:53:27.178
backpack,3.4800212383270264,0.9980494976043701,1,0.43315812506054113,0.8516611671467847,0.014655082974297469,5098.424242424242,550e8400-e29b-41d4-a716-446655440004,2024-10-07 13:53:28.403,2024-10-07 13:53:44.027
badger,9.411932945251465,0.9998431205749512,1,0.4276697626858727,0.8501333684340547,0.005206156937690639,5102.24,550e8400-e29b-41d4-a716-446655440004,2024-10-07 13:53:45.228,2024-10-07 13:54:01.261
bagel,2.7396597862243652,0.9963080883026123,1,0.4353807490236152,0.8521460479623549,0.01861545008487537,5099.076923076923,550e8400-e29b-41d4-a716-446655440004,2024-10-07 13:54:05.558,2024-10-07 13:54:14.695
bakery,2.8848817348480225,0.4967653453350067,1,0.5084925491759511,1.0,0.016985098351902234,5100.0,550e8400-e29b-41d4-a716-446655440004,2024-10-07 13:54:17.834,2024-10-07 13:54:27.703
balance_beam,6.4382641315460205,0.9834451079368591,1,0.43494280722363804,0.8622748673578686,0.00761074708940741,5101.128205128205,550e8400-e29b-41d4-a716-446655440004,2024-10-07 13:54:29.096,2024-10-07 13:54:43.828
bald_eagle,6.893967628479004,0.9814664125442505,1,0.4365068206999102,0.8660510325529625,0.006962608846857917,5106.790697674419,550e8400-e29b-41d4-a716-446655440004,2024-10-07 13:54:45.004,2024-10-07 13:54:59.042
balloon,6.9178245067596436,0.9991629123687744,1,0.42846949428000425,0.8497112828049488,0.007227705755059743,5093.942857142857,550e8400-e29b-41d4-a716-446655440004,2024-10-07 13:55:02.621,2024-10-07 13:55:13.047
ballplayer,2.495791435241699,0.9996484518051147,1,0.43456664600546996,0.8482982177071593,0.020835074303780586,5128.0,550e8400-e29b-41d4-a716-446655440004,2024-10-07 13:55:14.192,2024-10-07 13:55:24.086
ballpoint,3.3034350872039795,0.9636862277984619,1,0.44821531158898376,0.8809921481803654,0.015438474997602054,5101.866666666667,550e8400-e29b-41d4-a716-446655440004,2024-10-07 13:55:26.551,2024-10-07 13:55:36.856
banana,5.968351364135742,0.99748295545578,1,0.4295923925945157,0.8511423632417521,0.00804242194727936,5106.8387096774195,550e8400-e29b-41d4-a716-446655440004,2024-10-07 13:55:38.078,2024-10-07 13:55:51.514
band_aid,4.270713567733765,0.9999614953994751,1,0.43048724497962565,0.8490326916646251,0.011941798294626188,5091.789473684211,550e8400-e29b-41d4-a716-446655440004,2024-10-07 13:55:52.801,2024-10-07 13:56:03.368
banded_gecko,2.769014358520508,0.9999096393585205,1,0.4342474597483679,0.8500768134861735,0.018418106010562343,5094.222222222223,550e8400-e29b-41d4-a716-446655440004,2024-10-07 13:56:07.116,2024-10-07 13:56:16.407
banjo,3.635746717453003,1.0,1,0.43201368989143,0.85,0.014027379782860037,5101.5,550e8400-e29b-41d4-a716-446655440004,2024-10-07 13:56:19.451,2024-10-07 13:56:25.668
bannister,9.282453775405884,0.9993151426315308,1,0.42837712976340825,0.851583213038314,0.005171046488502568,5093.877551020408,550e8400-e29b-41d4-a716-446655440004,2024-10-07 13:56:28.886,2024-10-07 13:56:45.932
barbell,4.655603647232056,0.9893569350242615,1,0.4354472140161809,0.8601546821715373,0.01073974586082452,5097.72972972973,550e8400-e29b-41d4-a716-446655440004,2024-10-07 13:56:47.181,2024-10-07 13:56:57.910
barber_chair,4.970368146896362,0.8974429965019226,1,0.47971176787668496,0.9493639187346142,0.010059617018755726,5090.742857142857,550e8400-e29b-41d4-a716-446655440004,2024-10-07 13:57:01.308,2024-10-07 13:57:12.760
barbershop,6.071878433227539,0.9991496801376343,1,0.430061807842972,0.851724238036861,0.008399377649082917,5101.333333333333,550e8400-e29b-41d4-a716-446655440004,2024-10-07 13:57:12.975,2024-10-07 13:57:26.692
barn,5.969068288803101,0.9999524354934692,1,0.42920847420969543,0.8500404317536675,0.008376516665723362,5094.7692307692305,550e8400-e29b-41d4-a716-446655440004,2024-10-07 13:57:28.017,2024-10-07 13:57:41.605
barn_spider,2.851836681365967,0.9844552278518677,1,0.44098502225901853,0.8644374837207438,0.01753256079729331,5122.285714285715,550e8400-e29b-41d4-a716-446655440004,2024-10-07 13:57:42.714,2024-10-07 13:57:53.775
magnetic_compass,10.020242929458618,0.38725224137306213,0,0.5024450505015176,1.0,0.0048901010030350045,5099.2,550e8400-e29b-41d4-a716-446655440004,2024-10-07 13:57:57.113,2024-10-07 13:58:10.408
barracouta,7.0500853061676025,0.7506725788116455,1,0.5036169775105689,1.0,0.007233955021137665,5101.894736842105,550e8400-e29b-41d4-a716-446655440004,2024-10-07 13:58:11.610,2024-10-07 13:58:26.463
barrel,8.978383779525757,0.9995003938674927,1,0.42855284349359557,0.8514253773398913,0.005680309647299778,5095.288888888889,550e8400-e29b-41d4-a716-446655440004,2024-10-07 13:58:27.021,2024-10-07 13:58:40.196
barrow,8.438620805740356,0.5655008554458618,1,0.5029625694263918,1.0,0.005925138852783573,5097.488372093023,550e8400-e29b-41d4-a716-446655440004,2024-10-07 13:58:40.508,2024-10-07 13:58:56.321
baseball,6.506067752838135,0.7694661617279053,1,0.5038425668083605,1.0,0.007685133616720877,5094.30303030303,550e8400-e29b-41d4-a716-446655440004,2024-10-07 13:58:56.535,2024-10-07 13:59:11.241
basenji,2.6500117778778076,0.9991323351860046,1,0.4348029981170129,0.8507381555635057,0.018867840670520036,5093.538461538462,550e8400-e29b-41d4-a716-446655440004,2024-10-07 13:59:11.434,2024-10-07 13:59:21.232
basketball,6.420103549957275,0.9999668598175049,1,0.428830222869745,0.8500281700886827,0.0076322756508072345,5098.5142857142855,550e8400-e29b-41d4-a716-446655440004,2024-10-07 13:59:21.333,2024-10-07 13:59:35.566
basset,2.55324387550354,0.994915246963501,1,0.4373551888487777,0.854344128903658,0.02036624879389744,5109.12,550e8400-e29b-41d4-a716-446655440004,2024-10-07 13:59:35.732,2024-10-07 13:59:46.280
bassinet,3.250917673110962,0.7687345147132874,1,0.5079977417499839,1.0,0.015995483499967766,5100.903225806452,550e8400-e29b-41d4-a716-446655440004,2024-10-07 13:59:46.514,2024-10-07 14:00:00.175
bassoon,2.618908643722534,0.9997736811637878,1,0.4353332007713659,0.8511926409278872,0.01947376061484461,5105.538461538462,550e8400-e29b-41d4-a716-446655440004,2024-10-07 14:00:00.439,2024-10-07 14:00:12.962
bath_towel,5.564114332199097,0.9978470802307129,1,0.4299988258875455,0.8508317725434463,0.009165879231644643,5105.806451612903,550e8400-e29b-41d4-a716-446655440004,2024-10-07 14:00:13.296,2024-10-07 14:00:26.349
bathing_cap,6.226586818695068,0.9857999086380005,1,0.4360711159851616,0.8642727520406641,0.00786947992965898,5097.756097560976,550e8400-e29b-41d4-a716-446655440004,2024-10-07 14:00:26.744,2024-10-07 14:00:37.215
bathtub,8.621405601501465,0.5266507863998413,1,0.5029577543591685,1.0,0.005915508718336841,5097.116279069767,550e8400-e29b-41d4-a716-446655440004,2024-10-07 14:00:37.470,2024-10-07 14:00:52.905
beach_wagon,8.453380823135376,0.7326761484146118,1,0.5029573966349156,1.0,0.005914793269831052,5099.090909090909,550e8400-e29b-41d4-a716-446655440004,2024-10-07 14:00:53.147,2024-10-07 14:01:09.080
beacon,2.6219301223754883,0.9994975328445435,1,0.43374811361894117,0.8484263063527675,0.01906992088511483,5101.538461538462,550e8400-e29b-41d4-a716-446655440004,2024-10-07 14:01:09.410,2024-10-07 14:01:21.840
beagle,6.0765416622161865,0.9615248441696167,1,0.4467227330056404,0.8850525341702771,0.008392931841003735,5097.860465116279,550e8400-e29b-41d4-a716-446655440004,2024-10-07 14:01:21.990,2024-10-07 14:01:37.729
beaker,3.6375198364257812,0.9998544454574585,1,0.4325722135230086,0.8511238849477197,0.014020542098297527,5096.0,550e8400-e29b-41d4-a716-446655440004,2024-10-07 14:01:40.482,2024-10-07 14:01:50.998
bearskin,2.7754437923431396,0.6490439772605896,1,0.5086472657332175,1.0,0.01729453146643496,5094.518518518518,550e8400-e29b-41d4-a716-446655440004,2024-10-07 14:01:51.175,2024-10-07 14:02:02.782
beaver,3.2029941082000732,0.9256920218467712,1,0.46800145012192734,0.9203925062465652,0.015610393997289482,5092.0,550e8400-e29b-41d4-a716-446655440004,2024-10-07 14:02:03.080,2024-10-07 14:02:18.033
bedlington_terrier,6.957098722457886,0.9998916387557983,1,0.42871137951306065,0.8500921170394884,0.007330641986632916,5094.545454545455,550e8400-e29b-41d4-a716-446655440004,2024-10-07 14:02:18.233,2024-10-07 14:02:32.776
bee,3.730191707611084,0.999823272228241,1,0.4322772793669192,0.8511504219174972,0.0134041368163411,5096.0,550e8400-e29b-41d4-a716-446655440004,2024-10-07 14:02:32.941,2024-10-07 14:02:45.125
bee_eater,6.154876708984375,0.9998855590820312,1,0.42977299276184594,0.8510974003677789,0.008448585155912992,5107.259259259259,550e8400-e29b-41d4-a716-446655440004,2024-10-07 14:02:45.365,2024-10-07 14:02:59.554
beer_bottle,3.2351043224334717,0.8901869058609009,1,0.485310107487725,0.9548556537999893,0.01576456117546076,5094.193548387097,550e8400-e29b-41d4-a716-446655440004,2024-10-07 14:03:00.004,2024-10-07 14:03:09.189
beer_bottle,3.8565046787261963,0.6043807864189148,0,0.5066122051246733,1.0,0.013224410249346645,5100.222222222223,550e8400-e29b-41d4-a716-446655440004,2024-10-07 14:03:09.439,2024-10-07 14:03:19.917
bell_cote,8.177795648574829,0.44567328691482544,1,0.5031181997075758,1.0,0.0062363994151514324,5094.666666666667,550e8400-e29b-41d4-a716-446655440004,2024-10-07 14:03:20.302,2024-10-07 14:03:36.254
bell_pepper,2.382173538208008,0.9630088210105896,1,0.4521290682921758,0.8836886863683693,0.02056945021598229,5104.0,550e8400-e29b-41d4-a716-446655440004,2024-10-07 14:03:36.626,2024-10-07 14:03:45.811
bernese_mountain_dog,3.9158263206481934,0.9907083511352539,1,0.43549802265755494,0.8579719743211854,0.01302407099392444,5100.848484848485,550e8400-e29b-41d4-a716-446655440004,2024-10-07 14:03:49.761,2024-10-07 14:04:01.055
bib,8.084708452224731,0.9940925240516663,1,0.43212676851217885,0.8580690221101258,0.006184514914231832,5099.2,550e8400-e29b-41d4-a716-446655440004,2024-10-07 14:04:01.270,2024-10-07 14:04:18.725
bicycle-built-for-two,8.439220905303955,0.9978085160255432,1,0.4288957850406696,0.8518668525557468,0.0059247175255923885,5096.390243902439,550e8400-e29b-41d4-a716-446655440004,2024-10-07 14:04:19.006,2024-10-07 14:04:34.979
bighorn,2.703680992126465,0.7843663692474365,1,0.5092466530159453,1.0,0.018493306031890484,5100.148148148148,550e8400-e29b-41d4-a716-446655440004,2024-10-07 14:04:35.245,2024-10-07 14:04:45.363
bikini,3.685995578765869,0.859729528427124,1,0.5005423676695754,0.9875198791336692,0.013564856205481616,5096.0,550e8400-e29b-41d4-a716-446655440004,2024-10-07 14:04:45.591,2024-10-07 14:04:54.697
binder,5.658679008483887,0.9989907145500183,1,0.4293468667795065,0.8498577490606811,0.008835984498331945,5099.058823529412,550e8400-e29b-41d4-a716-446655440004,2024-10-07 14:04:54.882,2024-10-07 14:05:09.765
binoculars,7.453875541687012,0.9996535778045654,1,0.4285683195979271,0.850294560908556,0.006842078287298225,5107.243243243243,550e8400-e29b-41d4-a716-446655440004,2024-10-07 14:05:10.026,2024-10-07 14:05:25.239
birdhouse,4.922934055328369,0.9999924898147583,1,0.42997989877679094,0.8500063837053983,0.009953413848183592,5092.51282051282,550e8400-e29b-41d4-a716-446655440004,2024-10-07 14:05:25.567,2024-10-07 14:05:38.077
bison,6.743551254272461,0.9208059906959534,1,0.46525941206781884,0.9231043331479223,0.007414490987715394,5093.4,550e8400-e29b-41d4-a716-446655440004,2024-10-07 14:05:41.300,2024-10-07 14:05:51.807
bittern,3.693070888519287,0.9999923706054688,1,0.4317726766156651,0.8500064850348285,0.013538868196501687,5100.705882352941,550e8400-e29b-41d4-a716-446655440004,2024-10-07 14:05:56.161,2024-10-07 14:06:08.280
black-and-tan_coonhound,10.920391082763672,0.9299203753471375,1,0.45882577788879714,0.9129813933618456,0.004670162415748686,5095.547169811321,550e8400-e29b-41d4-a716-446655440004,2024-10-07 14:06:08.534,2024-10-07 14:06:22.871
black-footed_ferret,3.7864444255828857,0.9330620169639587,1,0.46275997214230563,0.9120508439182038,0.013469100366407477,5103.529411764706,550e8400-e29b-41d4-a716-446655440004,2024-10-07 14:06:23.008,2024-10-07 14:06:35.487
black_and_gold_garden_spider,7.274300813674927,0.7063503265380859,1,0.5034367564169195,1.0,0.006873512833838988,5110.451612903225,550e8400-e29b-41d4-a716-446655440004,2024-10-07 14:06:35.649,2024-10-07 14:06:50.587
black_grouse,2.5818846225738525,0.8816351890563965,1,0.49211511897685173,0.9652518531058351,0.01897838484786839,5104.0,550e8400-e29b-41d4-a716-446655440004,2024-10-07 14:06:50.980,2024-10-07 14:07:01.761
black_stork,7.240968704223633,0.9865068197250366,1,0.43477245357754973,0.8626397537091475,0.0069051534459519445,5100.857142857143,550e8400-e29b-41d4-a716-446655440004,2024-10-07 14:07:01.966,2024-10-07 14:07:19.102
black_swan,7.825100660324097,0.9995006322860718,1,0.4282793905101894,0.850424674625636,0.006134106394742781,5096.0,550e8400-e29b-41d4-a716-446655440004,2024-10-07 14:07:19.322,2024-10-07 14:07:32.742
black_widow,10.427051305770874,0.9980840682983398,1,0.42785634059852623,0.8506297485015293,0.005082932695523137,5099.0,550e8400-e29b-41d4-a716-446655440004,2024-10-07 14:07:33.151,2024-10-07 14:07:51.954
blenheim_spaniel,8.311376810073853,0.9971154928207397,1,0.42879609925139617,0.851456031034343,0.006136167468449409,5099.2,550e8400-e29b-41d4-a716-446655440004,2024-10-07 14:07:52.268,2024-10-07 14:08:08.541
bloodhound,5.903604984283447,0.9988425970077515,1,0.42972716692660906,0.8509849325072423,0.008469401345975857,5096.410256410257,550e8400-e29b-41d4-a716-446655440004,2024-10-07 14:08:08.739,2024-10-07 14:08:23.544
bluetick,7.846032381057739,0.9896798133850098,1,0.43362856812481887,0.8608844885760553,0.006372647673582428,5102.486486486487,550e8400-e29b-41d4-a716-446655440004,2024-10-07 14:08:23.810,2024-10-07 14:08:40.816
boa_constrictor,3.3829753398895264,0.9990097284317017,1,0.43345952161529183,0.8518435564545951,0.015075486775988571,5101.25,550e8400-e29b-41d4-a716-446655440004,2024-10-07 14:08:41.187,2024-10-07 14:08:52.147
boathouse,2.49360728263855,0.8027723431587219,1,0.5098251236955307,1.0,0.019650247391061453,5111.04,550e8400-e29b-41d4-a716-446655440004,2024-10-07 14:08:52.364,2024-10-07 14:09:01.611
bobsled,8.00269341468811,0.9474242329597473,1,0.45118088538726797,0.8961138742965539,0.006247896477982052,5096.0,550e8400-e29b-41d4-a716-446655440004,2024-10-07 14:09:01.848,2024-10-07 14:09:18.114
bolete,3.1124279499053955,0.9919497966766357,1,0.43648141683902525,0.8568982047758715,0.016064628902179016,5093.677419354839,550e8400-e29b-41d4-a716-446655440004,2024-10-07 14:09:18.526,2024-10-07 14:09:29.189
bolo_tie,8.390232563018799,0.9997493624687195,1,0.4281457959492282,0.8502130953112712,0.006078496587185211,5107.5,550e8400-e29b-41d4-a716-446655440004,2024-10-07 14:09:29.500,2024-10-07 14:09:46.725
bonnet,6.474338531494141,0.9999955892562866,1,0.43001773324937526,0.8520037579702192,0.008031708528531254,5097.894736842105,550e8400-e29b-41d4-a716-446655440004,2024-10-07 14:09:46.962,2024-10-07 14:10:02.133
book_jacket,6.841035842895508,0.9981675148010254,1,0.4289337353946213,0.8505586361115344,0.007308834677708283,5096.705882352941,550e8400-e29b-41d4-a716-446655440004,2024-10-07 14:10:02.478,2024-10-07 14:10:17.218
bookcase,2.720470666885376,0.9204241037368774,1,0.4703900245400606,0.9224008764580381,0.018379172622083155,5109.62962962963,550e8400-e29b-41d4-a716-446655440004,2024-10-07 14:10:17.740,2024-10-07 14:10:28.629
bookshop,2.158494710922241,0.8586574792861938,1,0.5073548048741002,0.9910820327419035,0.02362757700629698,5104.0,550e8400-e29b-41d4-a716-446655440004,2024-10-07 14:10:28.884,2024-10-07 14:10:38.619
border_collie,6.549398422241211,0.9646806120872498,1,0.444972114495871,0.8821572542633748,0.007786974728367151,5098.666666666667,550e8400-e29b-41d4-a716-446655440004,2024-10-07 14:10:38.857,2024-10-07 14:10:55.711
border_terrier,3.7202069759368896,0.9991381168365479,1,0.4319522714130416,0.85073323264981,0.013171310176273173,5102.0,550e8400-e29b-41d4-a716-446655440004,2024-10-07 14:10:55.985,2024-10-07 14:11:13.500
borzoi,7.952860355377197,0.7636651992797852,1,0.5031435230700482,1.0,0.006287046140096414,5102.628571428571,550e8400-e29b-41d4-a716-446655440004,2024-10-07 14:11:13.722,2024-10-07 14:11:31.544
boston_bull,2.791041851043701,0.9980300068855286,1,0.43479612833899123,0.8516777994005673,0.01791445727741512,5093.428571428572,550e8400-e29b-41d4-a716-446655440004,2024-10-07 14:11:31.817,2024-10-07 14:11:42.397
abacus,3.039912700653076,0.99983811378479,1,0.4329571306085573,0.8491374636501833,0.016776797566931272,5092.0,550e8400-e29b-41d4-a716-446655440004,2024-10-07 14:20:18.883,2024-10-07 14:20:30.120
abaya,8.233182430267334,0.9994961023330688,1,0.4277505053007008,0.8494280247999226,0.006072985801479014,5112.0,550e8400-e29b-41d4-a716-446655440004,2024-10-07 14:20:30.338,2024-10-07 14:20:47.840
crutch,2.510349988937378,0.5907410979270935,0,0.5103571215625617,1.0,0.020714243125123526,5097.92,550e8400-e29b-41d4-a716-446655440004,2024-10-07 14:20:48.243,2024-10-07 14:20:59.627
accordion,5.209891080856323,0.9897505640983582,1,0.4347048618443047,0.8598125940703484,0.009597129618260994,5093.405405405405,550e8400-e29b-41d4-a716-446655440004,2024-10-07 14:21:03.613,2024-10-07 14:21:19.593
acorn,4.562223196029663,0.9999927282333374,1,0.4299828713972275,0.8490061737747908,0.01095956901966418,5091.6,550e8400-e29b-41d4-a716-446655440004,2024-10-07 14:21:22.212,2024-10-07 14:21:34.013
acorn_squash,4.3477044105529785,0.980014443397522,1,0.4389070422919278,0.8663137627407612,0.011500321843094337,5105.513513513513,550e8400-e29b-41d4-a716-446655440004,2024-10-07 14:21:34.240,2024-10-07 14:21:52.736
acoustic_guitar,2.6443800926208496,0.985964298248291,1,0.44132925735942796,0.8641286520350705,0.018529862683785377,5097.846153846154,550e8400-e29b-41d4-a716-446655440004,2024-10-07 14:21:52.928,2024-10-07 14:22:05.011
abacus,3.184682846069336,0.9999889135360718,1,0.4325117830146272,0.8490094125122265,0.016014153517028,5097.5,550e8400-e29b-41d4-a716-446655440000,2024-10-07 14:23:31.784,2024-10-07 14:23:35.077
abaya,2.9203908443450928,0.9994307160377502,1,0.43330229670017695,0.8494835973881874,0.017120996012166538,5096.8,550e8400-e29b-41d4-a716-446655440000,2024-10-07 14:23:35.321,2024-10-07 14:23:38.914
crutch,2.835142135620117,0.4877606928348541,0,0.5091706160595413,1.0,0.018341232119082552,5104.275862068966,550e8400-e29b-41d4-a716-446655440000,2024-10-07 14:23:39.142,2024-10-07 14:23:42.451
accordion,2.982330560684204,0.9436543583869934,1,0.45928932888375085,0.9018132459586481,0.016765411808853624,5108.8,550e8400-e29b-41d4-a716-446655440000,2024-10-07 14:23:42.606,2024-10-07 14:23:46.567
acorn,2.920955181121826,0.999716579914093,1,0.43317919002865457,0.8492406918698454,0.01711768818746371,5104.0,550e8400-e29b-41d4-a716-446655440000,2024-10-07 14:23:46.789,2024-10-07 14:23:50.588
acorn_squash,2.8289530277252197,0.987294614315033,1,0.4388000353837178,0.8599256875203566,0.017674383247078988,5107.310344827586,550e8400-e29b-41d4-a716-446655440000,2024-10-07 14:23:50.798,2024-10-07 14:23:54.504
acoustic_guitar,3.0209338665008545,0.9130421876907349,1,0.4746821629872168,0.9331441761249579,0.01622014984947574,5102.967741935484,550e8400-e29b-41d4-a716-446655440000,2024-10-07 14:23:54.654,2024-10-07 14:23:58.674
admiral,2.9054462909698486,0.9669458270072937,1,0.4481327726426927,0.8790564851298421,0.0172090601555432,5109.793103448276,550e8400-e29b-41d4-a716-446655440000,2024-10-07 14:23:58.772,2024-10-07 14:24:02.515
affenpinscher,2.915809154510498,0.9979884624481201,1,0.43391613898349035,0.8517132531922299,0.016119024774750836,5094.666666666667,550e8400-e29b-41d4-a716-446655440000,2024-10-07 14:24:02.651,2024-10-07 14:24:05.898
afghan_hound,3.2275538444519043,0.9997833371162415,1,0.43264762965371245,0.8491839866513895,0.01611127265603543,5104.727272727273,550e8400-e29b-41d4-a716-446655440000,2024-10-07 14:24:06.051,2024-10-07 14:24:09.934
african_chameleon,2.903202533721924,0.9859079718589783,1,0.44052796703226177,0.8641780209906528,0.01687791307387077,5101.793103448276,550e8400-e29b-41d4-a716-446655440000,2024-10-07 14:24:10.131,2024-10-07 14:24:13.528
african_crocodile,2.8973498344421387,0.9684805870056152,1,0.44763286453729745,0.8776634363194228,0.017602292755172118,5096.551724137931,550e8400-e29b-41d4-a716-446655440000,2024-10-07 14:24:13.749,2024-10-07 14:24:17.550
african_elephant,3.0031654834747314,0.35945627093315125,1,0.5081580586001052,1.0,0.01631611720021032,5101.333333333333,550e8400-e29b-41d4-a716-446655440000,2024-10-07 14:24:17.731,2024-10-07 14:24:21.668
african_grey,2.7657549381256104,0.9997439980506897,1,0.4341479520237762,0.8502176573776267,0.018078246669925746,5108.285714285715,550e8400-e29b-41d4-a716-446655440000,2024-10-07 14:24:21.811,2024-10-07 14:24:25.395
african_hunting_dog,3.134561777114868,0.9986667633056641,1,0.43238213162227274,0.8491320940661473,0.01563216917839816,5102.25,550e8400-e29b-41d4-a716-446655440000,2024-10-07 14:24:25.520,2024-10-07 14:24:29.809
agama,2.9469797611236572,0.9981694221496582,1,0.43426268389710676,0.8515588447594793,0.016966523034734195,5113.6,550e8400-e29b-41d4-a716-446655440000,2024-10-07 14:24:30.041,2024-10-07 14:24:33.664
agaric,3.154660940170288,0.9411025643348694,1,0.46021253119196437,0.9042585072557421,0.01616655512818662,5107.75,550e8400-e29b-41d4-a716-446655440000,2024-10-07 14:24:33.820,2024-10-07 14:24:38.126
aircraft_carrier,2.961646795272827,0.9475055932998657,1,0.45715623945067746,0.89709232959746,0.01722014930389492,5103.466666666666,550e8400-e29b-41d4-a716-446655440000,2024-10-07 14:24:38.301,2024-10-07 14:24:41.935
airedale,2.9156386852264404,0.9779002070426941,1,0.4435189345441887,0.8702319458276239,0.016805923260753572,5104.275862068966,550e8400-e29b-41d4-a716-446655440000,2024-10-07 14:24:42.095,2024-10-07 14:24:45.779
airliner,3.0447254180908203,0.8974285125732422,1,0.4821791756124806,0.9482649459842596,0.016093405240701544,5107.870967741936,550e8400-e29b-41d4-a716-446655440000,2024-10-07 14:24:45.977,2024-10-07 14:24:50.001
airship,2.8012261390686035,0.9997897744178772,1,0.43401402791689164,0.8501787293182793,0.017849326515503958,5108.0,550e8400-e29b-41d4-a716-446655440000,2024-10-07 14:24:50.170,2024-10-07 14:24:53.812
vulture,2.9467155933380127,0.4036409258842468,0,0.5083143415860663,1.0,0.016628683172132418,5106.4,550e8400-e29b-41d4-a716-446655440000,2024-10-07 14:24:53.961,2024-10-07 14:24:57.887
alligator_lizard,3.083155870437622,0.7981064319610596,1,0.5082707462974879,1.0,0.016541492594975768,5103.225806451613,550e8400-e29b-41d4-a716-446655440000,2024-10-07 14:24:58.062,2024-10-07 14:25:02.122
alp,2.9561610221862793,0.8033758401870728,1,0.5084569141573725,1.0,0.016913828314745066,5106.4,550e8400-e29b-41d4-a716-446655440000,2024-10-07 14:25:02.242,2024-10-07 14:25:05.992
hamper,3.010058641433716,0.29645588994026184,0,0.5083054860313593,1.0,0.016610972062718547,5101.333333333333,550e8400-e29b-41d4-a716-446655440000,2024-10-07 14:25:06.170,2024-10-07 14:25:09.989
ambulance,2.886700391769409,0.6397769451141357,1,0.5084871987650172,1.0,0.016974397530034404,5102.068965517241,550e8400-e29b-41d4-a716-446655440000,2024-10-07 14:25:10.129,2024-10-07 14:25:13.644
american_alligator,2.880750894546509,0.9780893921852112,1,0.44319890357614816,0.8690412213764648,0.01735658577583157,5102.068965517241,550e8400-e29b-41d4-a716-446655440000,2024-10-07 14:25:13.841,2024-10-07 14:25:17.624
american_black_bear,2.983445405960083,0.9849392175674438,1,0.43987828164263854,0.8629974163271614,0.016759146958115638,5104.0,550e8400-e29b-41d4-a716-446655440000,2024-10-07 14:25:17.815,2024-10-07 14:25:21.755
american_chameleon,2.729741334915161,0.5329325795173645,1,0.5091583769056188,1.0,0.01831675381123757,5107.714285714285,550e8400-e29b-41d4-a716-446655440000,2024-10-07 14:25:21.924,2024-10-07 14:25:25.489
american_coot,2.9385805130004883,0.5813223123550415,1,0.5085075089450155,1.0,0.017015017890031077,5103.466666666666,550e8400-e29b-41d4-a716-446655440000,2024-10-07 14:25:25.613,2024-10-07 14:25:29.751
spoonbill,2.985344409942627,0.5285578966140747,0,0.5082067582950909,1.0,0.016413516590181865,5104.0,550e8400-e29b-41d4-a716-446655440000,2024-10-07 14:25:29.924,2024-10-07 14:25:33.724
american_lobster,2.863497734069824,0.9999970197677612,1,0.4335572363553067,0.8500025332049524,0.017111939505660936,5102.068965517241,550e8400-e29b-41d4-a716-446655440000,2024-10-07 14:25:33.906,2024-10-07 14:25:37.689
american_staffordshire_terrier,3.336751699447632,0.24547936022281647,1,0.5073424702245767,1.0,0.014684940449153437,5103.294117647059,550e8400-e29b-41d4-a716-446655440000,2024-10-07 14:25:37.987,2024-10-07 14:25:42.150
half_track,3.0363309383392334,0.4660496115684509,0,0.508068949168433,1.0,0.016137898336866168,5102.451612903225,550e8400-e29b-41d4-a716-446655440000,2024-10-07 14:25:42.330,2024-10-07 14:25:45.828
analog_clock,2.9389395713806152,0.9074281454086304,1,0.4755909675952726,0.9345092548546983,0.016672680335846936,5106.4,550e8400-e29b-41d4-a716-446655440000,2024-10-07 14:25:45.996,2024-10-07 14:25:49.766
anemone_fish,2.9751672744750977,0.8033479452133179,1,0.5082348311001513,1.0,0.01646966220030266,5103.466666666666,550e8400-e29b-41d4-a716-446655440000,2024-10-07 14:25:49.868,2024-10-07 14:25:53.811
angora,2.9465997219085693,0.999981164932251,1,0.43416205723567375,0.8510160289445606,0.017308085526786893,5106.4,550e8400-e29b-41d4-a716-446655440000,2024-10-07 14:25:53.957,2024-10-07 14:25:57.779
ant,2.853156328201294,0.9402800798416138,1,0.4623444572322389,0.9061129957613436,0.01857591870313416,5106.482758620689,550e8400-e29b-41d4-a716-446655440000,2024-10-07 14:25:57.973,2024-10-07 14:26:01.735
apiary,3.0314624309539795,0.9989010095596313,1,0.4337144295473288,0.8509351696167823,0.016493689477875325,5102.709677419355,550e8400-e29b-41d4-a716-446655440000,2024-10-07 14:26:01.860,2024-10-07 14:26:06.151
appenzeller,3.1833748817443848,0.9809448719024658,1,0.4409519783234838,0.8665114873902052,0.015392469256762374,5107.0,550e8400-e29b-41d4-a716-446655440000,2024-10-07 14:26:06.254,2024-10-07 14:26:10.323
apron,3.018540620803833,0.9764004945755005,1,0.4440664417507455,0.8715685876111527,0.01656429589033825,5094.193548387097,550e8400-e29b-41d4-a716-446655440000,2024-10-07 14:26:10.536,2024-10-07 14:26:13.969
arabian_camel,2.950187921524048,0.8976741433143616,1,0.48191977750310205,0.9468914820935571,0.016948072912646977,5098.666666666667,550e8400-e29b-41d4-a716-446655440000,2024-10-07 14:26:14.118,2024-10-07 14:26:17.880
arctic_fox,3.0323073863983154,0.9979242086410522,1,0.4341285931709959,0.8517680928469591,0.016489093495032678,5100.645161290323,550e8400-e29b-41d4-a716-446655440000,2024-10-07 14:26:18.073,2024-10-07 14:26:21.956
armadillo,3.151850938796997,0.9997935891151428,1,0.4333610562062778,0.8511756919277397,0.015546420484815944,5102.5,550e8400-e29b-41d4-a716-446655440000,2024-10-07 14:26:22.144,2024-10-07 14:26:26.389
artichoke,3.0528628826141357,0.9999418258666992,1,0.4327137310300477,0.8490493927125505,0.016378069347544856,5089.290322580645,550e8400-e29b-41d4-a716-446655440000,2024-10-07 14:26:26.523,2024-10-07 14:26:30.555
ashcan,3.0372862815856934,0.9950533509254456,1,0.43484132321322794,0.8532205828063297,0.016462063620126127,5097.032258064516,550e8400-e29b-41d4-a716-446655440000,2024-10-07 14:26:30.731,2024-10-07 14:26:34.183
assault_rifle,3.123622417449951,0.9705699682235718,1,0.4464057185607929,0.8768043807883115,0.016007056333274358,5105.548387096775,550e8400-e29b-41d4-a716-446655440000,2024-10-07 14:26:34.303,2024-10-07 14:26:38.290
australian_terrier,3.0404322147369385,0.9904857277870178,1,0.43730492198731946,0.8581648136405796,0.016445030334059283,5103.225806451613,550e8400-e29b-41d4-a716-446655440000,2024-10-07 14:26:38.456,2024-10-07 14:26:42.279
axolotl,2.974327564239502,0.9913217425346375,1,0.43746208035687856,0.8584498488090666,0.016474311904690526,5101.333333333333,550e8400-e29b-41d4-a716-446655440000,2024-10-07 14:26:42.392,2024-10-07 14:26:45.918
baboon,3.096804141998291,0.6129531860351562,1,0.5077499250516093,1.0,0.015499850103218601,5095.4838709677415,550e8400-e29b-41d4-a716-446655440000,2024-10-07 14:26:46.096,2024-10-07 14:26:50.014
backpack,3.036036252975464,0.9992341995239258,1,0.433395446995818,0.8506514292695078,0.01613946472212827,5105.548387096775,550e8400-e29b-41d4-a716-446655440000,2024-10-07 14:26:50.191,2024-10-07 14:26:54.007
badger,2.88950777053833,0.9956738352775574,1,0.43532556154006463,0.8536932174812559,0.016957905598873352,5113.103448275862,550e8400-e29b-41d4-a716-446655440000,2024-10-07 14:26:54.191,2024-10-07 14:26:57.876
bagel,3.2842249870300293,0.9858070611953735,1,0.4385787464120702,0.862237686722698,0.014919806101442334,5110.30303030303,550e8400-e29b-41d4-a716-446655440000,2024-10-07 14:26:58.071,2024-10-07 14:27:02.460
restaurant,2.968660831451416,0.43134647607803345,0,0.5080844533487061,1.0,0.016168906697412177,5098.4,550e8400-e29b-41d4-a716-446655440000,2024-10-07 14:27:02.808,2024-10-07 14:27:06.254
horizontal_bar,3.0337131023406982,0.7048017382621765,0,0.5085703555751331,1.0,0.01714071115026624,5100.533333333334,550e8400-e29b-41d4-a716-446655440000,2024-10-07 14:27:06.507,2024-10-07 14:27:09.985
bald_eagle,3.0342111587524414,0.9952095150947571,1,0.4357875368459051,0.8550963260424349,0.016478747649375267,5100.645161290323,550e8400-e29b-41d4-a716-446655440000,2024-10-07 14:27:10.282,2024-10-07 14:27:14.082
balloon,2.9465506076812744,0.9932193160057068,1,0.4358825481953074,0.8547961022489033,0.016968994141711498,5104.0,550e8400-e29b-41d4-a716-446655440000,2024-10-07 14:27:14.251,2024-10-07 14:27:17.991
ballplayer,2.9251694679260254,0.9911940693855286,1,0.4378183764192452,0.859569307681775,0.016067445156715474,5103.466666666666,550e8400-e29b-41d4-a716-446655440000,2024-10-07 14:27:18.136,2024-10-07 14:27:22.001
ballpoint,3.3222267627716064,0.850653350353241,1,0.5064027598103804,0.9980563758991199,0.014749143721640837,5099.393939393939,550e8400-e29b-41d4-a716-446655440000,2024-10-07 14:27:22.534,2024-10-07 14:27:26.313
banana,3.0196821689605713,0.9612789154052734,1,0.44971263663565786,0.8831983999587291,0.01622687331258663,5100.533333333334,550e8400-e29b-41d4-a716-446655440000,2024-10-07 14:27:26.439,2024-10-07 14:27:30.012
band_aid,2.898416757583618,0.9999994039535522,1,0.43395314429897236,0.8510005072358293,0.016905781362115374,5106.482758620689,550e8400-e29b-41d4-a716-446655440000,2024-10-07 14:27:30.115,2024-10-07 14:27:33.922
banded_gecko,3.115663528442383,0.9654477834701538,1,0.44891258636418985,0.8814562678275683,0.016368904900811443,5100.0,550e8400-e29b-41d4-a716-446655440000,2024-10-07 14:27:34.258,2024-10-07 14:27:38.205
banjo,3.406592607498169,0.9999958276748657,1,0.4323404846444644,0.8500035464911613,0.014677422797767542,5094.193548387097,550e8400-e29b-41d4-a716-446655440000,2024-10-07 14:27:38.659,2024-10-07 14:27:42.429